mean_fit_time,std_fit_time,mean_score_time,std_score_time,param_subsample,param_reg_lambda,param_reg_alpha,param_n_estimators,param_min_child_weight,param_max_depth,param_learning_rate,param_gamma,param_colsample_bytree,params,split0_test_score,split1_test_score,split2_test_score,split3_test_score,split4_test_score,mean_test_score,std_test_score,rank_test_score,split0_train_score,split1_train_score,split2_train_score,split3_train_score,split4_train_score,mean_train_score,std_train_score
0.20144729614257811,0.03411037800893371,0.008200597763061524,0.00040212473402874774,0.7,1.0,0.1,200,1,4,0.01,0.2,0.7,"{'subsample': 0.7, 'reg_lambda': 1.0, 'reg_alpha': 0.1, 'n_estimators': 200, 'min_child_weight': 1, 'max_depth': 4, 'learning_rate': 0.01, 'gamma': 0.2, 'colsample_bytree': 0.7}",0.9373370273794002,0.9625751776927283,0.9585565882996173,0.9444778567523237,0.9460634226353197,0.949802014551878,0.009354099519788418,1,0.9738919833242209,0.9686860312781463,0.9680719315483501,0.9729284369114879,0.9718179399001063,0.9710792645924624,0.002308596278023501
0.1378551483154297,0.024930706886713463,0.009586048126220704,0.0015227177732712947,0.7,1.0,1.0,200,7,3,0.01,0.1,0.7,"{'subsample': 0.7, 'reg_lambda': 1.0, 'reg_alpha': 1.0, 'n_estimators': 200, 'min_child_weight': 7, 'max_depth': 3, 'learning_rate': 0.01, 'gamma': 0.1, 'colsample_bytree': 0.7}",0.9373641894828335,0.9616183706943685,0.9575861126298524,0.9439037725533079,0.94803171131766,0.9497008313356046,0.008863294983473704,2,0.9638993302351012,0.9589849613799503,0.9589491388957122,0.9623880973825705,0.9614311253036382,0.9611305306393945,0.001933908987174786
0.24951696395874023,0.021099252094334404,0.010731124877929687,0.002253745455807393,0.7,0.5,0.1,200,5,6,0.01,0.3,0.8,"{'subsample': 0.7, 'reg_lambda': 0.5, 'reg_alpha': 0.1, 'n_estimators': 200, 'min_child_weight': 5, 'max_depth': 6, 'learning_rate': 0.01, 'gamma': 0.3, 'colsample_bytree': 0.8}",0.9387494567579313,0.9617003827227992,0.9590759978130126,0.9448605795516675,0.9433023510114817,0.9495377535713786,0.009121964712908248,3,0.9776893110989612,0.9749993176669668,0.9746410928245857,0.9776143590163486,0.9761456371625863,0.9762179435538897,0.0012721347480116013
0.10964255332946778,0.005782959851539855,0.00803842544555664,0.000606898651247423,0.8,0.5,0.0,100,1,4,0.01,0.0,0.7,"{'subsample': 0.8, 'reg_lambda': 0.5, 'reg_alpha': 0, 'n_estimators': 100, 'min_child_weight': 1, 'max_depth': 4, 'learning_rate': 0.01, 'gamma': 0, 'colsample_bytree': 0.7}",0.9380568231203823,0.9625205030071078,0.957736468015309,0.9449562602515035,0.9436850738108256,0.9493910256410256,0.009194767658364975,4,0.9719254032258065,0.9657409113239991,0.9662953069133984,0.9710136398373317,0.9687525587488741,0.9687455640098819,0.0024611904406696343
0.08597011566162109,0.002002982890428602,0.008115005493164063,0.00030565441863055046,0.9,2.0,0.1,100,7,4,0.05,0.3,0.8,"{'subsample': 0.9, 'reg_lambda': 2.0, 'reg_alpha': 0.1, 'n_estimators': 100, 'min_child_weight': 7, 'max_depth': 4, 'learning_rate': 0.05, 'gamma': 0.3, 'colsample_bytree': 0.8}",0.9384506736201652,0.9620831055221433,0.959704756697649,0.9413613996719518,0.9446418808091854,0.9492483632642189,0.009737358465473191,5,0.9740372129579006,0.9710179044187887,0.9711995755888535,0.9746325636616721,0.972971082726057,0.9727716678706544,0.0014595522727900785
0.13180041313171387,0.00426132348909403,0.008801412582397462,0.0004010026828212088,0.9,0.5,0.0,200,1,3,0.05,0.0,0.7,"{'subsample': 0.9, 'reg_lambda': 0.5, 'reg_alpha': 0, 'n_estimators': 200, 'min_child_weight': 1, 'max_depth': 3, 'learning_rate': 0.05, 'gamma': 0, 'colsample_bytree': 0.7}",0.936848109517601,0.9615363586659376,0.9600874794969929,0.9411427009294697,0.9463094587206125,0.9491848214661228,0.009965603831997648,6,0.9826134499726626,0.9799104096727531,0.9791189033543493,0.9820989928764431,0.9813637790332705,0.9810211069818957,0.0013165747597375333
0.24287610054016112,0.007940902961669912,0.008800506591796875,0.0009779175074059033,0.9,2.0,0.0,200,5,6,0.01,0.0,0.7,"{'subsample': 0.9, 'reg_lambda': 2.0, 'reg_alpha': 0, 'n_estimators': 200, 'min_child_weight': 5, 'max_depth': 6, 'learning_rate': 0.01, 'gamma': 0, 'colsample_bytree': 0.7}",0.938342025206432,0.9606068890103882,0.9598687807545107,0.9433570256971022,0.9436577364680153,0.9491664914272897,0.009237824808264721,7,0.9773774945325315,0.9739553481263136,0.9742385163350528,0.9772544283413849,0.975569065749611,0.9756789706169787,0.0014439468578595648
0.1489415645599365,0.010354309511845572,0.010601234436035157,0.006710661564116798,0.7,1.0,0.0,100,5,7,0.01,0.1,0.9,"{'subsample': 0.7, 'reg_lambda': 1.0, 'reg_alpha': 0, 'n_estimators': 100, 'min_child_weight': 5, 'max_depth': 7, 'learning_rate': 0.01, 'gamma': 0.1, 'colsample_bytree': 0.9}",0.9385864841373315,0.9617550574084199,0.9586796063422636,0.9433023510114817,0.9428102788408965,0.9490267555480786,0.009333807945124837,8,0.9745557681793329,0.9717249720243457,0.971065667731106,0.9739945822757171,0.9730188460383744,0.9728719672497753,0.0013187372326352756
0.5460247993469238,0.07546025230998099,0.009861135482788086,0.00038445879977802485,0.9,1.5,0.1,300,3,7,0.01,0.0,0.8,"{'subsample': 0.9, 'reg_lambda': 1.5, 'reg_alpha': 0.1, 'n_estimators': 300, 'min_child_weight': 3, 'max_depth': 7, 'learning_rate': 0.01, 'gamma': 0, 'colsample_bytree': 0.8}",0.9383691873098652,0.9607162383816292,0.9579004920721705,0.9425095680699835,0.9455440131219245,0.9490078997911147,0.008758680486246465,9,0.9884448469108803,0.9868275607958732,0.9870288490406397,0.9882092851879144,0.9868173258003767,0.9874655735471368,0.0007113504104300809
0.17180094718933106,0.14468251561197176,0.00844717025756836,0.001236526465550408,0.8,1.5,1.0,100,7,5,0.05,0.0,0.8,"{'subsample': 0.8, 'reg_lambda': 1.5, 'reg_alpha': 1.0, 'n_estimators': 100, 'min_child_weight': 7, 'max_depth': 5, 'learning_rate': 0.05, 'gamma': 0, 'colsample_bytree': 0.8}",0.939754454584963,0.9629579004920722,0.9575177692728267,0.9402132312739202,0.9444778567523238,0.9489842424752212,0.009492221365448599,10,0.9773578458173867,0.9747212669559759,0.9749942001692185,0.9775341848849586,0.976060345533448,0.9761335686721975,0.0011626434238366688
0.148115873336792,0.08057258596029104,0.00740962028503418,0.0010259510703759516,0.7,1.0,0.1,100,3,4,0.01,0.0,0.9,"{'subsample': 0.7, 'reg_lambda': 1.0, 'reg_alpha': 0.1, 'n_estimators': 100, 'min_child_weight': 3, 'max_depth': 4, 'learning_rate': 0.01, 'gamma': 0, 'colsample_bytree': 0.9}",0.9383691873098653,0.9617823947512301,0.9578321487151449,0.9438490978676872,0.941853471842537,0.9487372600972929,0.009291610637076241,11,0.969476148168398,0.9647020592810939,0.9646534430524849,0.9687244125112584,0.9678962307923252,0.9670904587611121,0.0020324411436588126
1.031454038619995,0.38157917351569043,0.014526987075805664,0.0048431939951181155,0.7,0.5,1.0,400,3,7,0.01,0.0,0.9,"{'subsample': 0.7, 'reg_lambda': 0.5, 'reg_alpha': 1.0, 'n_estimators': 400, 'min_child_weight': 3, 'max_depth': 7, 'learning_rate': 0.01, 'gamma': 0, 'colsample_bytree': 0.9}",0.9380160799652324,0.960579551667578,0.959130672498633,0.9411427009294697,0.9443958447238929,0.9486529699569612,0.009377593365712132,12,0.9876332695462001,0.9861639919211769,0.9860769944594557,0.9879602336308305,0.9864898059444853,0.9868648591004296,0.0007801167015587602
0.10386672019958496,0.0035051287579502314,0.007997465133666993,0.0010604298507366561,0.7,2.0,0.1,100,5,5,0.05,0.0,0.8,"{'subsample': 0.7, 'reg_lambda': 2.0, 'reg_alpha': 0.1, 'n_estimators': 100, 'min_child_weight': 5, 'max_depth': 5, 'learning_rate': 0.05, 'gamma': 0, 'colsample_bytree': 0.8}",0.9388852672750979,0.9608529250956807,0.959322033898305,0.9404045926735921,0.9429743028977583,0.9484878243680868,0.009573113062144204,13,0.9802077638053582,0.9785892423374,0.9778122355959498,0.980283987008379,0.9787231501951471,0.9791232757884469,0.0009682441219541877
0.25889062881469727,0.2102139059987762,0.008200502395629883,0.0006900661190845022,0.8,0.5,0.1,200,5,3,0.05,0.0,0.8,"{'subsample': 0.8, 'reg_lambda': 0.5, 'reg_alpha': 0.1, 'n_estimators': 200, 'min_child_weight': 5, 'max_depth': 3, 'learning_rate': 0.05, 'gamma': 0, 'colsample_bytree': 0.8}",0.9358702737940026,0.9621924548933843,0.9583925642427555,0.9395297977036633,0.9463367960634227,0.9484643773394457,0.010295569610095128,14,0.9794730727173319,0.9774096591064168,0.9775870656950244,0.9798626463604356,0.9783785720134284,0.9785422031785274,0.0009830368396737768
0.15748214721679688,0.0032525440197653677,0.008264398574829102,0.0006865098706694489,0.9,1.0,0.5,100,5,7,0.01,0.0,0.8,"{'subsample': 0.9, 'reg_lambda': 1.0, 'reg_alpha': 0.5, 'n_estimators': 100, 'min_child_weight': 5, 'max_depth': 7, 'learning_rate': 0.01, 'gamma': 0, 'colsample_bytree': 0.8}",0.938953172533681,0.9610442864953526,0.9608119190814652,0.9393931109896119,0.9405549480590487,0.948151487431832,0.010445442667103972,15,0.9744515445598687,0.9714281571549441,0.9711987226725621,0.9743357487922705,0.972439715876525,0.9727707778112341,0.0013897985915330678
0.5440611839294434,0.16684223918003863,0.009500694274902344,0.0008969760373268365,0.8,2.0,0.0,200,1,7,0.01,0.2,0.9,"{'subsample': 0.8, 'reg_lambda': 2.0, 'reg_alpha': 0, 'n_estimators': 200, 'min_child_weight': 1, 'max_depth': 7, 'learning_rate': 0.01, 'gamma': 0.2, 'colsample_bytree': 0.9}",0.9364814211212518,0.962356478950246,0.9559048660470203,0.9407463094587206,0.9451202843083653,0.9481218719771208,0.009613610970862017,16,0.9891658693275014,0.9866160375556101,0.986975968230574,0.987723122901826,0.986880441605939,0.9874722879242901,0.0009231377093412807
0.16676568984985352,0.016236673967792988,0.008129549026489259,0.0002596628730475863,0.7,2.0,0.1,100,1,6,0.05,0.2,0.9,"{'subsample': 0.7, 'reg_lambda': 2.0, 'reg_alpha': 0.1, 'n_estimators': 100, 'min_child_weight': 1, 'max_depth': 6, 'learning_rate': 0.05, 'gamma': 0.2, 'colsample_bytree': 0.9}",0.937228378965667,0.9604428649535265,0.9583652268999453,0.9380262438490978,0.9430563149261891,0.9474238059188853,0.010005463231829423,17,0.9924395161290323,0.9918887660689429,0.9910000272933213,0.9921378176260268,0.9915339528917274,0.9918000160018103,0.0004983409348454524
0.322833251953125,0.5549250314695664,0.005529975891113282,0.0018260113394574565,0.9,0.5,0.1,100,1,3,0.15,0.2,0.8,"{'subsample': 0.9, 'reg_lambda': 0.5, 'reg_alpha': 0.1, 'n_estimators': 100, 'min_child_weight': 1, 'max_depth': 3, 'learning_rate': 0.15, 'gamma': 0.2, 'colsample_bytree': 0.8}",0.9352727075184702,0.9575997813012576,0.9547840349917989,0.938436303991252,0.9389830508474577,0.9450151757300473,0.009256205264222604,18,0.9909240021869874,0.9874860121728213,0.988843854908704,0.9905326291656432,0.9888626190671143,0.989329823500254,0.0012523763667057258
1.446586275100708,0.004855619810008935,0.007813596725463867,0.001064675837064612,0.8,1.0,0.5,100,7,4,0.1,0.0,0.9,"{'subsample': 0.8, 'reg_lambda': 1.0, 'reg_alpha': 0.5, 'n_estimators': 100, 'min_child_weight': 7, 'max_depth': 4, 'learning_rate': 0.1, 'gamma': 0, 'colsample_bytree': 0.9}",0.9332627118644069,0.9607435757244396,0.9535811919081464,0.9337889557135047,0.941470749043193,0.944569436850738,0.01092224488936139,19,0.9837086522689995,0.9823702202571031,0.9828137367286225,0.9836513005267612,0.9830047899778924,0.9831097399518758,0.0005094125251787375
0.4306304931640625,0.24428812396888547,0.009349203109741211,0.0011204271086769576,0.8,1.5,0.5,300,7,4,0.05,0.0,0.7,"{'subsample': 0.8, 'reg_lambda': 1.5, 'reg_alpha': 0.5, 'n_estimators': 300, 'min_child_weight': 7, 'max_depth': 4, 'learning_rate': 0.05, 'gamma': 0, 'colsample_bytree': 0.7}",0.9336158192090396,0.9595954073264079,0.954510661563696,0.9336522689994532,0.9407326407873154,0.9444213595771824,0.010755327986634913,20,0.9884089666484418,0.9866501542072654,0.9871840798056717,0.9883542809574498,0.9868770299407735,0.9874949023119205,0.0007437770533470136
0.12546901702880858,0.015989121918736634,0.008190679550170898,0.0006166274501333072,0.9,0.5,0.0,100,5,6,0.1,0.2,0.7,"{'subsample': 0.9, 'reg_lambda': 0.5, 'reg_alpha': 0, 'n_estimators': 100, 'min_child_weight': 5, 'max_depth': 6, 'learning_rate': 0.1, 'gamma': 0.2, 'colsample_bytree': 0.7}",0.9300032594524119,0.9605248769819573,0.9566156369600874,0.9354565336249318,0.9373428102788409,0.943988623459646,0.012210183837200156,21,0.9945393657736468,0.9938419443762112,0.994962676383089,0.9950974371571276,0.9937054777695897,0.994429380291933,0.0005677882209237147
0.16887545585632324,0.040252205475821354,0.008556175231933593,0.0010078673577275275,0.7,0.5,0.0,200,1,3,0.1,0.0,0.9,"{'subsample': 0.7, 'reg_lambda': 0.5, 'reg_alpha': 0, 'n_estimators': 200, 'min_child_weight': 1, 'max_depth': 3, 'learning_rate': 0.1, 'gamma': 0, 'colsample_bytree': 0.9}",0.9306279878313777,0.9575451066156371,0.9554948059048659,0.9284034991798797,0.942345544013122,0.9428833887089765,0.012117467920532086,22,0.996215486604702,0.993872649362701,0.9949814405414995,0.9963239307841372,0.9938709435301182,0.9950528901646315,0.0010735218660952008
0.19428820610046388,0.00837891759240497,0.004879808425903321,0.00037148462683384774,0.8,0.5,0.5,300,5,4,0.05,0.3,0.9,"{'subsample': 0.8, 'reg_lambda': 0.5, 'reg_alpha': 0.5, 'n_estimators': 300, 'min_child_weight': 5, 'max_depth': 4, 'learning_rate': 0.05, 'gamma': 0.3, 'colsample_bytree': 0.9}",0.9290525858322469,0.9566429743028978,0.9538819026790596,0.9319026790595955,0.9391470749043194,0.9421254433556238,0.011253872515174922,23,0.9925369054127939,0.9914230737738475,0.9930248505690658,0.9928065039984715,0.9912627255110674,0.9922108118530492,0.000727082411597942
0.4965688228607178,0.09570682282664283,0.010949850082397461,0.0009482268558421631,0.7,1.0,0.0,300,1,6,0.05,0.3,0.9,"{'subsample': 0.7, 'reg_lambda': 1.0, 'reg_alpha': 0, 'n_estimators': 300, 'min_child_weight': 1, 'max_depth': 6, 'learning_rate': 0.05, 'gamma': 0.3, 'colsample_bytree': 0.9}",0.9279932637983485,0.9564516129032257,0.9515035538545653,0.9291962821213778,0.9426189174412247,0.9415527260237484,0.011477571961518683,24,0.9999931656642974,1.0,0.9999982941674171,0.9999914708370861,0.9999863533393378,0.9999938568016278,4.896969375635276e-06
0.09270973205566406,0.0033895233915991977,0.008887815475463866,0.0011604567699039774,0.9,2.0,0.1,100,7,5,0.15,0.3,0.7,"{'subsample': 0.9, 'reg_lambda': 2.0, 'reg_alpha': 0.1, 'n_estimators': 100, 'min_child_weight': 7, 'max_depth': 5, 'learning_rate': 0.15, 'gamma': 0.3, 'colsample_bytree': 0.7}",0.9239189482833551,0.9573810825587754,0.9523510114816839,0.9325041006014215,0.9377255330781848,0.9407761352006843,0.012422556243965231,25,0.9917167851284855,0.9922077567619204,0.9922299325854963,0.9923169300472174,0.9914281912715959,0.9919799191589431,0.0003468821717137624
0.2862876892089844,0.01915292188318928,0.00840153694152832,0.0007985730650337348,0.9,0.5,1.0,300,1,7,0.1,0.2,0.7,"{'subsample': 0.9, 'reg_lambda': 0.5, 'reg_alpha': 1.0, 'n_estimators': 300, 'min_child_weight': 1, 'max_depth': 7, 'learning_rate': 0.1, 'gamma': 0.2, 'colsample_bytree': 0.7}",0.92916123424598,0.956670311645708,0.9499726626571898,0.9303171131765993,0.9376981957353745,0.9407639034921702,0.010871715515872743,26,0.999837684527064,0.9999095908731134,0.9999488250225169,0.9998413575698027,0.9998396517372199,0.9998754219459434,4.5649818339307176e-05
0.15459852218627929,0.002799995107114994,0.008401203155517577,0.0004900381352724373,0.9,1.5,0.0,200,3,4,0.1,0.3,0.8,"{'subsample': 0.9, 'reg_lambda': 1.5, 'reg_alpha': 0, 'n_estimators': 200, 'min_child_weight': 3, 'max_depth': 4, 'learning_rate': 0.1, 'gamma': 0.3, 'colsample_bytree': 0.8}",0.9281019122120817,0.9533898305084745,0.951175505740842,0.9300437397484965,0.9406232914160743,0.9406668559251937,0.010421478867017537,27,0.9979240705303445,0.9969073255274434,0.9977960643030651,0.9974685444471737,0.9967162722781735,0.99736245541724,0.0004773633729573743
0.2776374816894531,0.0059564838316072295,0.009000492095947266,0.0006321104950891644,0.9,2.0,0.5,400,7,4,0.05,0.0,0.8,"{'subsample': 0.9, 'reg_lambda': 2.0, 'reg_alpha': 0.5, 'n_estimators': 400, 'min_child_weight': 7, 'max_depth': 4, 'learning_rate': 0.05, 'gamma': 0, 'colsample_bytree': 0.8}",0.9252770534550194,0.9576817933296883,0.9506014215418261,0.931765992345544,0.9375888463641334,0.9405830214072421,0.01194750252672531,28,0.9920038272279934,0.9913787221266956,0.9920371735036436,0.9919109418925188,0.9911569638909359,0.9916975257283575,0.0003601584416810351
0.7673573970794678,0.08877405258070435,0.013090085983276368,0.0008137508304172269,0.7,2.0,1.0,400,1,7,0.05,0.0,0.9,"{'subsample': 0.7, 'reg_lambda': 2.0, 'reg_alpha': 1.0, 'n_estimators': 400, 'min_child_weight': 1, 'max_depth': 7, 'learning_rate': 0.05, 'gamma': 0, 'colsample_bytree': 0.9}",0.9281019122120817,0.9549753963914708,0.9477583378895571,0.9316566429743028,0.939803171131766,0.9404590921198357,0.009946007410899791,29,0.9999128622197924,0.9999420016921858,0.9999675891809274,0.9999164142034445,0.9998857092169546,0.9999249153026609,2.781246930509809e-05
0.12592158317565919,0.002094472435959346,0.009121990203857422,0.00048335187439677317,0.9,1.0,1.0,100,5,7,0.15,0.3,0.8,"{'subsample': 0.9, 'reg_lambda': 1.0, 'reg_alpha': 1.0, 'n_estimators': 100, 'min_child_weight': 5, 'max_depth': 7, 'learning_rate': 0.15, 'gamma': 0.3, 'colsample_bytree': 0.8}",0.9288624511082139,0.9556588299617278,0.9453253143794423,0.9354291962821215,0.9361946418808094,0.940294086722463,0.009301005175443598,30,0.9962257381082559,0.9967520947624116,0.9974429569584323,0.9966002756625455,0.995476131990502,0.9964994394964295,0.0006459564255436148
0.23603830337524415,0.07771424502848356,0.008732366561889648,0.0006445137023738382,0.7,2.0,0.0,200,1,4,0.1,0.1,0.8,"{'subsample': 0.7, 'reg_lambda': 2.0, 'reg_alpha': 0, 'n_estimators': 200, 'min_child_weight': 1, 'max_depth': 4, 'learning_rate': 0.1, 'gamma': 0.1, 'colsample_bytree': 0.8}",0.9288352890047805,0.9565062875888464,0.9466101694915254,0.9285675232367415,0.939420448332422,0.9399879435308632,0.010694291192638896,31,0.9992243028977583,0.9990498512513989,0.9990430279210677,0.9991180845547094,0.9984528098474303,0.9989776152944729,0.0002703715921182092
0.17879929542541503,0.004447317935550022,0.008601188659667969,0.0004899810980812593,0.7,1.5,0.1,200,7,7,0.1,0.0,0.7,"{'subsample': 0.7, 'reg_lambda': 1.5, 'reg_alpha': 0.1, 'n_estimators': 200, 'min_child_weight': 7, 'max_depth': 7, 'learning_rate': 0.1, 'gamma': 0, 'colsample_bytree': 0.7}",0.9281562364189483,0.9509294696555495,0.951366867140514,0.9279934390377255,0.9403772553307819,0.9397646535167038,0.010324307232884338,32,0.9943360442864954,0.9944884549250799,0.9947630939709052,0.9938368268784629,0.9937566527470728,0.9942362145616033,0.000384885214651129
0.457700777053833,0.10850007495626908,0.010675287246704102,0.0007590349032789667,0.8,2.0,1.0,400,7,7,0.05,0.1,0.8,"{'subsample': 0.8, 'reg_lambda': 2.0, 'reg_alpha': 1.0, 'n_estimators': 400, 'min_child_weight': 7, 'max_depth': 7, 'learning_rate': 0.05, 'gamma': 0.1, 'colsample_bytree': 0.8}",0.9245980008691874,0.9571077091306724,0.9489065062875888,0.9308365226899946,0.9368234007654457,0.9396544279485777,0.011854823002225186,33,0.9944471022416621,0.9944372799475969,0.9950923196593794,0.9941626409017713,0.993777122738066,0.9943832930976951,0.00043031029465930324
0.21306228637695312,0.006174402358542693,0.008564186096191407,0.000746139777189595,0.9,0.5,0.5,200,1,7,0.15,0.2,0.9,"{'subsample': 0.9, 'reg_lambda': 0.5, 'reg_alpha': 0.5, 'n_estimators': 200, 'min_child_weight': 1, 'max_depth': 7, 'learning_rate': 0.15, 'gamma': 0.2, 'colsample_bytree': 0.9}",0.9288352890047805,0.9536632039365773,0.9494942591580098,0.9292509568069984,0.9357299070530344,0.9393947231918801,0.010328782054504097,34,0.9999982914160743,0.9999982941674171,1.0,0.9999948825022517,0.9999948825022517,0.999997270117599,2.0467242424301376e-06
0.28719630241394045,0.012952232618193013,0.009212398529052734,0.0002571438536513806,0.7,1.5,0.0,200,1,7,0.1,0.3,0.7,"{'subsample': 0.7, 'reg_lambda': 1.5, 'reg_alpha': 0, 'n_estimators': 200, 'min_child_weight': 1, 'max_depth': 7, 'learning_rate': 0.1, 'gamma': 0.3, 'colsample_bytree': 0.7}",0.9250054324206867,0.9533898305084746,0.9474849644614542,0.9282941498086386,0.9407599781301257,0.938986871065876,0.010886888032863879,35,0.9999965828321488,1.0,1.0,1.0,0.9999965883348344,0.9999986342333965,1.6727165480932706e-06
1.121901559829712,0.1572837042662183,0.006322383880615234,0.0024623634322838077,0.9,0.5,1.0,100,7,6,0.15,0.3,0.8,"{'subsample': 0.9, 'reg_lambda': 0.5, 'reg_alpha': 1.0, 'n_estimators': 100, 'min_child_weight': 7, 'max_depth': 6, 'learning_rate': 0.15, 'gamma': 0.3, 'colsample_bytree': 0.8}",0.9213385484571925,0.9567523236741389,0.9494805904866047,0.9311645708037177,0.9345270639693821,0.9386526194782071,0.01278837272421776,36,0.9933621514488792,0.9930879663746282,0.9946300390294496,0.9939170010098529,0.9923476350337072,0.9934689585793034,0.0007697764803273304
0.2549284934997559,0.00443850726771999,0.008986091613769532,0.0004939941963256169,0.7,1.5,0.5,400,1,3,0.1,0.1,0.8,"{'subsample': 0.7, 'reg_lambda': 1.5, 'reg_alpha': 0.5, 'n_estimators': 400, 'min_child_weight': 1, 'max_depth': 3, 'learning_rate': 0.1, 'gamma': 0.1, 'colsample_bytree': 0.8}",0.9242177314211213,0.9537725533078186,0.9492345544013122,0.9273100054674686,0.9368507381082558,0.9382771165411953,0.011663210499161187,37,0.9991081191908147,0.9987376838887525,0.99894579546385,0.9991351428805372,0.998645568929283,0.9989144620706474,0.0001953145814533768
0.39361987113952634,0.02070747155719022,0.010400819778442382,0.0008004678086047863,0.9,1.5,0.1,400,7,7,0.05,0.0,0.8,"{'subsample': 0.9, 'reg_lambda': 1.5, 'reg_alpha': 0.1, 'n_estimators': 400, 'min_child_weight': 7, 'max_depth': 7, 'learning_rate': 0.05, 'gamma': 0, 'colsample_bytree': 0.8}",0.9218274663189916,0.9541006014215418,0.9462821213778021,0.9313012575177693,0.9376981957353745,0.9382419284742959,0.011260953210446855,38,0.9971979223619465,0.9975794235650536,0.9981901116296842,0.9973764294877043,0.9969721471655886,0.9974632068419954,0.000414956062119501
0.11131973266601562,0.00992764581512416,0.0057985782623291016,0.0014401143024135852,0.9,2.0,0.1,200,1,4,0.15,0.3,0.8,"{'subsample': 0.9, 'reg_lambda': 2.0, 'reg_alpha': 0.1, 'n_estimators': 200, 'min_child_weight': 1, 'max_depth': 4, 'learning_rate': 0.15, 'gamma': 0.3, 'colsample_bytree': 0.8}",0.9220176010430248,0.9528430836522689,0.9436850738108256,0.9295243302351011,0.9392290869327501,0.9374598351347941,0.010769986213608388,39,0.9999026107162383,0.999904473375365,0.9999232375337755,0.99991982586861,0.9998345342394716,0.999896936346692,3.224503345371019e-05
0.39272608757019045,0.011050408373455452,0.009917783737182616,0.00020451864234292163,0.9,2.0,0.0,400,7,7,0.05,0.0,0.9,"{'subsample': 0.9, 'reg_lambda': 2.0, 'reg_alpha': 0, 'n_estimators': 400, 'min_child_weight': 7, 'max_depth': 7, 'learning_rate': 0.05, 'gamma': 0, 'colsample_bytree': 0.9}",0.9207681442850935,0.9546473482777473,0.9457900492072171,0.9291689447785675,0.9367413887370147,0.9374231750571281,0.011938709530535916,40,0.9973499863313285,0.9976783618548541,0.9980877616747181,0.9974003111438631,0.997115437102541,0.997526371621461,0.0003329053968833397
0.2272665023803711,0.04206008007364815,0.008893823623657227,0.0004477865663323278,0.9,2.0,0.0,200,5,7,0.1,0.2,0.8,"{'subsample': 0.9, 'reg_lambda': 2.0, 'reg_alpha': 0, 'n_estimators': 200, 'min_child_weight': 5, 'max_depth': 7, 'learning_rate': 0.1, 'gamma': 0.2, 'colsample_bytree': 0.8}",0.925141242937853,0.9493439037725534,0.9449425915800984,0.9295243302351012,0.9361399671951887,0.9370184071441588,0.009085267647766048,41,0.998991935483871,0.9991743770299407,0.9994490160757663,0.9992409045006687,0.9986370397663691,0.9990986545713232,0.0002732029680340168
1.712401533126831,0.04192863372693073,0.016937637329101564,0.009264466572951187,0.9,2.0,0.5,400,1,4,0.1,0.1,0.9,"{'subsample': 0.9, 'reg_lambda': 2.0, 'reg_alpha': 0.5, 'n_estimators': 400, 'min_child_weight': 1, 'max_depth': 4, 'learning_rate': 0.1, 'gamma': 0.1, 'colsample_bytree': 0.9}",0.9213657105606258,0.9510661563696008,0.9471569163477309,0.9218972115910334,0.9386823400765446,0.9360336669891071,0.012423414984636463,42,0.9999965828321488,0.9999965883348345,1.0,0.9999948825022517,0.9999914708370863,0.9999959049012641,2.7713798101292493e-06
0.26026067733764646,0.021124385597273865,0.00839982032775879,0.0006956959129610324,0.7,1.5,1.0,300,7,6,0.1,0.1,0.8,"{'subsample': 0.7, 'reg_lambda': 1.5, 'reg_alpha': 1.0, 'n_estimators': 300, 'min_child_weight': 7, 'max_depth': 6, 'learning_rate': 0.1, 'gamma': 0.1, 'colsample_bytree': 0.8}",0.9203063885267275,0.9502733734281029,0.9488244942591579,0.9249316566429743,0.9335975943138327,0.9355867014341591,0.012181231319719632,43,0.9951988791689448,0.995834356832883,0.9961908758426813,0.9950274980212341,0.9948398564371298,0.9954182932605746,0.0005109687590822946
0.5088383674621582,0.26692565778610244,0.01046581268310547,0.0010100058187257955,0.7,2.0,1.0,400,1,5,0.15,0.2,0.9,"{'subsample': 0.7, 'reg_lambda': 2.0, 'reg_alpha': 1.0, 'n_estimators': 400, 'min_child_weight': 1, 'max_depth': 5, 'learning_rate': 0.15, 'gamma': 0.2, 'colsample_bytree': 0.9}",0.9214471968709257,0.9510114816839803,0.9428649535265171,0.9280754510661563,0.934417714598141,0.935563359549144,0.010474779965846654,44,0.999976079825041,0.9999965883348344,0.9999931766696689,0.9999505308550997,0.9999897650045034,0.9999812281378295,1.6854729005944988e-05
0.26825990676879885,0.009794396123103167,0.007153940200805664,0.0026625085372655164,0.9,1.5,0.0,400,3,4,0.1,0.0,0.7,"{'subsample': 0.9, 'reg_lambda': 1.5, 'reg_alpha': 0, 'n_estimators': 400, 'min_child_weight': 3, 'max_depth': 4, 'learning_rate': 0.1, 'gamma': 0, 'colsample_bytree': 0.7}",0.9192199043893959,0.9485784581738654,0.9457627118644067,0.9242208857299071,0.9347457627118644,0.9345055445738879,0.01152608711349867,45,0.9999094450519409,0.9998874150495374,0.9999300608641065,0.9999402958596032,0.9998191817462267,0.999897279714283,4.305715319746595e-05
0.302078914642334,0.018763597237725516,0.009823989868164063,0.0004130119863957321,0.8,2.0,0.1,400,3,4,0.1,0.3,0.7,"{'subsample': 0.8, 'reg_lambda': 2.0, 'reg_alpha': 0.1, 'n_estimators': 400, 'min_child_weight': 3, 'max_depth': 4, 'learning_rate': 0.1, 'gamma': 0.3, 'colsample_bytree': 0.7}",0.9234571925249891,0.9481410606889011,0.941962821213778,0.9230727173318753,0.9355932203389831,0.9344454024197054,0.009954685826535881,46,0.9997454209950793,0.9997697126013265,0.9999010617101994,0.9998225934113922,0.9995769535194738,0.9997631484474944,0.00010731232330725387
0.1768730640411377,0.005265595147981412,0.008057308197021485,7.052355476466894e-06,0.7,2.0,0.0,200,7,6,0.15,0.0,0.9,"{'subsample': 0.7, 'reg_lambda': 2.0, 'reg_alpha': 0, 'n_estimators': 200, 'min_child_weight': 7, 'max_depth': 6, 'learning_rate': 0.15, 'gamma': 0, 'colsample_bytree': 0.9}",0.9210397653194262,0.9497813012575179,0.9445325314379442,0.9245215965008201,0.9315199562602515,0.934279030155192,0.011167388517949635,47,0.9967724849644615,0.9970028521520784,0.9972655503698246,0.9966002756625454,0.9961806408471847,0.9967643607992189,0.00036763787280787147
0.18330163955688478,0.0036230665856481358,0.008458566665649415,0.0008079888004426983,0.7,1.5,0.1,300,3,3,0.15,0.3,0.8,"{'subsample': 0.7, 'reg_lambda': 1.5, 'reg_alpha': 0.1, 'n_estimators': 300, 'min_child_weight': 3, 'max_depth': 3, 'learning_rate': 0.15, 'gamma': 0.3, 'colsample_bytree': 0.8}",0.9223707083876576,0.9492892290869328,0.9389557135046473,0.9240295243302351,0.9348824494259157,0.9339055249470778,0.009936845779323576,48,0.9984793603061782,0.9985568656349791,0.9991351428805372,0.9984203990283578,0.9980826441769699,0.9985348824054044,0.00034102916672015425
0.32972288131713867,0.02034102629198873,0.009405803680419923,0.00048525811750469957,0.8,1.5,0.5,300,5,7,0.1,0.1,0.9,"{'subsample': 0.8, 'reg_lambda': 1.5, 'reg_alpha': 0.5, 'n_estimators': 300, 'min_child_weight': 5, 'max_depth': 7, 'learning_rate': 0.1, 'gamma': 0.1, 'colsample_bytree': 0.9}",0.9196273359408953,0.9483050847457627,0.9459267359212684,0.9253690541279387,0.9296610169491527,0.9337778455370035,0.01137127247945324,49,0.999345612356479,0.9996213051666257,0.9997100084609296,0.9994251344196076,0.9992494336635824,0.999470298813445,0.00017124928218441665
0.36458745002746584,0.019743535889311676,0.010305070877075195,0.0003741827984801147,0.8,0.5,0.0,400,5,6,0.1,0.1,0.8,"{'subsample': 0.8, 'reg_lambda': 0.5, 'reg_alpha': 0, 'n_estimators': 400, 'min_child_weight': 5, 'max_depth': 6, 'learning_rate': 0.1, 'gamma': 0.1, 'colsample_bytree': 0.8}",0.9169926119078662,0.9478676872607983,0.9427829414980864,0.9227173318753417,0.9327774740295244,0.9326276093143235,0.011645427856696198,50,0.9999214051394205,0.999948825022517,0.9999863533393378,0.9999232375337754,0.9999300608641066,0.9999419763798315,2.4217837393993867e-05
