NOC,Year,has_medal,predicted,probability
AFG,1964,0,0,0.15089679
AFG,1968,0,0,0.14547443
AFG,1972,0,0,0.14601605
AFG,1988,0,0,0.14621414
AFG,1996,0,0,0.13625966
AFG,2004,0,0,0.15642832
AFG,2008,1,0,0.15233798
AFG,2012,1,0,0.30576804
AFG,2016,0,0,0.27330083
AFG,2024,0,0,0.19221179
AHO,1964,0,0,0.1407485
AHO,1968,0,0,0.14134625
AHO,1972,0,0,0.12703662
AHO,1976,0,0,0.1386061
AHO,1988,1,0,0.14333047
AHO,1992,0,0,0.21375173
AHO,1996,0,0,0.15200911
AHO,2000,0,0,0.16220665
AHO,2004,0,0,0.12884334
AHO,2008,0,0,0.14154667
AIN,2024,1,1,0.7402681
ALB,1972,0,0,0.11013117
ALB,1992,0,0,0.11780752
ALB,1996,0,0,0.115490764
ALB,2000,0,0,0.10721056
ALB,2004,0,0,0.10955839
ALB,2008,0,0,0.21434562
ALB,2012,0,0,0.12716511
ALB,2016,0,0,0.109765396
ALB,2024,1,0,0.1282964
ALG,1964,0,0,0.12421638
ALG,1968,0,0,0.123672694
ALG,1972,0,0,0.10809948
ALG,1988,0,0,0.38306743
ALG,1992,1,0,0.4955372
ALG,1996,1,1,0.8106068
ALG,2000,1,1,0.8556325
ALG,2004,0,1,0.8456605
ALG,2008,1,1,0.7865373
ALG,2012,1,1,0.86081237
ALG,2016,1,1,0.8403522
ALG,2024,1,1,0.884076
AND,1976,0,0,0.10853968
AND,1988,0,0,0.107121736
AND,1992,0,0,0.11094232
AND,1996,0,0,0.11390456
AND,2000,0,0,0.106433526
AND,2004,0,0,0.10955839
AND,2008,0,0,0.10857456
AND,2012,0,0,0.10955839
AND,2016,0,0,0.10297172
AND,2024,0,0,0.10319537
ANG,1988,0,0,0.40958607
ANG,1992,0,0,0.4428455
ANG,1996,0,0,0.32478052
ANG,2000,0,0,0.31571776
ANG,2004,0,0,0.31186005
ANG,2008,0,0,0.3596058
ANG,2012,0,0,0.39834496
ANG,2016,0,0,0.25220034
ANG,2024,0,0,0.26031777
ANT,1976,0,0,0.1872677
ANT,1988,0,0,0.2188416
ANT,1992,0,0,0.18422374
ANT,1996,0,0,0.1782432
ANT,2000,0,0,0.100937024
ANT,2004,0,0,0.10793248
ANT,2008,0,0,0.10857522
ANT,2012,0,0,0.10729209
ANT,2016,0,0,0.112886205
ANT,2024,0,0,0.108918436
ARG,1964,1,1,0.8844369
ARG,1968,1,1,0.86619353
ARG,1972,1,1,0.9019645
ARG,1976,0,1,0.8240765
ARG,1988,1,1,0.8180357
ARG,1992,1,1,0.8910224
ARG,1996,1,1,0.8984286
ARG,2000,1,1,0.90989584
ARG,2004,1,1,0.91008675
ARG,2008,1,1,0.91008675
ARG,2012,1,1,0.91008675
ARG,2016,1,1,0.9097048
ARG,2024,1,1,0.9063836
ARM,1996,1,1,0.6642953
ARM,2000,1,1,0.7057267
ARM,2004,0,1,0.50646406
ARM,2008,1,1,0.6804315
ARM,2012,1,1,0.90146637
ARM,2016,1,1,0.89840376
ARM,2024,1,1,0.7184371
ARU,1988,0,0,0.14962092
ARU,1992,0,0,0.106980644
ARU,1996,0,0,0.10013878
ARU,2000,0,0,0.10836851
ARU,2004,0,0,0.106392674
ARU,2008,0,0,0.099293835
ARU,2012,0,0,0.10823268
ARU,2016,0,0,0.11525444
ARU,2024,0,0,0.111753054
ASA,1988,0,0,0.11831039
ASA,1992,0,0,0.09947169
ASA,1996,0,0,0.11101381
ASA,2000,0,0,0.10179439
ASA,2004,0,0,0.100155264
ASA,2008,0,0,0.10669948
ASA,2012,0,0,0.10760117
ASA,2016,0,0,0.10297233
ASA,2024,0,0,0.099293835
AUS,1964,1,1,0.9242508
AUS,1968,1,1,0.91874534
AUS,1972,1,1,0.9242508
AUS,1976,1,1,0.9242508
AUS,1988,1,1,0.9120096
AUS,1992,1,1,0.9247218
AUS,1996,1,1,0.9247218
AUS,2000,1,1,0.9247218
AUS,2004,1,1,0.9247218
AUS,2008,1,1,0.9247218
AUS,2012,1,1,0.9247218
AUS,2016,1,1,0.9247218
AUS,2024,1,1,0.9247218
AUT,1964,0,1,0.64308816
AUT,1968,1,1,0.66979814
AUT,1972,1,1,0.9202613
AUT,1976,1,1,0.905124
AUT,1988,1,1,0.8925336
AUT,1992,1,1,0.906234
AUT,1996,1,1,0.9175059
AUT,2000,1,1,0.92232007
AUT,2004,1,1,0.918003
AUT,2008,1,1,0.9183304
AUT,2012,0,1,0.90140563
AUT,2016,1,1,0.838302
AUT,2024,1,1,0.9224651
AZE,1996,1,1,0.5184027
AZE,2000,1,1,0.64010197
AZE,2004,1,1,0.8898269
AZE,2008,1,1,0.9247654
AZE,2012,1,1,0.92706233
AZE,2016,1,1,0.9274433
AZE,2024,1,1,0.9248796
BAH,1964,1,0,0.15881775
BAH,1968,0,0,0.4473114
BAH,1972,0,0,0.31104308
BAH,1976,0,0,0.36149818
BAH,1988,0,0,0.27856472
BAH,1992,1,0,0.3060737
BAH,1996,1,1,0.6688392
BAH,2000,1,1,0.7144667
BAH,2004,1,1,0.878067
BAH,2008,1,1,0.8347126
BAH,2012,1,1,0.8452541
BAH,2016,1,1,0.8259962
BAH,2024,0,1,0.762624
BAN,1988,0,0,0.12992011
BAN,1992,0,0,0.11064167
BAN,1996,0,0,0.10179439
BAN,2000,0,0,0.113343224
BAN,2004,0,0,0.10584709
BAN,2008,0,0,0.10793248
BAN,2012,0,0,0.10955839
BAN,2016,0,0,0.1119124
BAN,2024,0,0,0.10973081
BAR,1968,0,0,0.15358227
BAR,1972,0,0,0.18924673
BAR,1976,0,0,0.1865455
BAR,1988,0,0,0.25587177
BAR,1992,0,0,0.19942416
BAR,1996,0,0,0.34349078
BAR,2000,1,1,0.53763777
BAR,2004,0,0,0.28745613
BAR,2008,0,0,0.13648136
BAR,2012,0,0,0.12309146
BAR,2016,0,0,0.24422236
BAR,2024,0,0,0.104466766
BDI,1996,1,0,0.13037552
BDI,2000,0,0,0.2708706
BDI,2004,0,0,0.12157575
BDI,2008,0,0,0.11766451
BDI,2012,0,0,0.12130235
BDI,2016,1,0,0.14138675
BDI,2024,0,0,0.24292797
BEL,1964,1,1,0.88522893
BEL,1968,1,1,0.9239563
BEL,1972,1,1,0.925201
BEL,1976,1,1,0.9235001
BEL,1988,1,1,0.9215108
BEL,1992,1,1,0.91647774
BEL,1996,1,1,0.9279865
BEL,2000,1,1,0.9279865
BEL,2004,1,1,0.92782515
BEL,2008,1,1,0.9276745
BEL,2012,1,1,0.9278307
BEL,2016,1,1,0.9279865
BEL,2024,1,1,0.9277931
BEN,1972,0,0,0.101831675
BEN,1988,0,0,0.112173274
BEN,1992,0,0,0.108233176
BEN,1996,0,0,0.10811461
BEN,2000,0,0,0.101359256
BEN,2004,0,0,0.10624586
BEN,2008,0,0,0.10747427
BEN,2012,0,0,0.1084251
BEN,2016,0,0,0.11062386
BEN,2024,0,0,0.11084716
BER,1964,0,0,0.10869076
BER,1968,0,0,0.10810621
BER,1972,0,0,0.11054251
BER,1976,1,0,0.21780577
BER,1988,0,0,0.2260372
BER,1992,0,0,0.43517146
BER,1996,0,0,0.1294277
BER,2000,0,0,0.11460303
BER,2004,0,0,0.11811212
BER,2008,0,0,0.11311001
BER,2012,0,0,0.112452745
BER,2016,0,0,0.13280548
BER,2024,0,0,0.11677906
BHU,1988,0,0,0.11598099
BHU,1992,0,0,0.13577522
BHU,1996,0,0,0.09886822
BHU,2000,0,0,0.100016095
BHU,2004,0,0,0.100016095
BHU,2008,0,0,0.100016095
BHU,2012,0,0,0.100016095
BHU,2016,0,0,0.100016095
BHU,2024,0,0,0.10086651
BIH,1992,0,0,0.17960978
BIH,1996,0,0,0.184835
BIH,2000,0,0,0.123396285
BIH,2004,0,0,0.16568054
BIH,2008,0,0,0.10794178
BIH,2012,0,0,0.12143082
BIH,2016,0,0,0.12896934
BIH,2024,0,0,0.11176022
BIZ,1968,0,0,0.12225172
BIZ,1972,0,0,0.099430606
BIZ,1976,0,0,0.10899792
BIZ,1988,0,0,0.13451566
BIZ,1992,0,0,0.1557766
BIZ,1996,0,0,0.107113406
BIZ,2000,0,0,0.09886822
BIZ,2004,0,0,0.100016095
BIZ,2008,0,0,0.10687035
BIZ,2012,0,0,0.09972636
BIZ,2016,0,0,0.10180819
BIZ,2024,0,0,0.101472475
BLR,1996,1,1,0.84523857
BLR,2000,1,1,0.9279865
BLR,2004,1,1,0.9279865
BLR,2008,1,1,0.9278681
BLR,2012,1,1,0.9279865
BLR,2016,1,1,0.9279865
BOL,1964,0,0,0.10337202
BOL,1968,0,0,0.10896822
BOL,1972,0,0,0.14795953
BOL,1976,0,0,0.106733866
BOL,1988,0,0,0.16811773
BOL,1992,0,0,0.2560771
BOL,1996,0,0,0.11660059
BOL,2000,0,0,0.105980925
BOL,2004,0,0,0.16898696
BOL,2008,0,0,0.10809635
BOL,2012,0,0,0.10971886
BOL,2016,0,0,0.16570039
BOL,2024,0,0,0.10314759
BOT,1988,0,0,0.12938207
BOT,1992,0,0,0.10782347
BOT,1996,0,0,0.10747427
BOT,2000,0,0,0.111112945
BOT,2004,0,0,0.14487961
BOT,2008,0,0,0.16973102
BOT,2012,1,0,0.105380654
BOT,2016,0,0,0.2625697
BOT,2024,1,0,0.22280748
BRA,1964,1,1,0.769736
BRA,1968,1,1,0.80660576
BRA,1972,1,1,0.9268662
BRA,1976,1,1,0.92000014
BRA,1988,1,1,0.9269333
BRA,1992,1,1,0.9279865
BRA,1996,1,1,0.916346
BRA,2000,1,1,0.9279865
BRA,2004,1,1,0.9279865
BRA,2008,1,1,0.9279865
BRA,2012,1,1,0.9279865
BRA,2016,1,1,0.9277931
BRA,2024,1,1,0.927707
BRN,1988,0,0,0.14941488
BRN,1992,0,0,0.15510078
BRN,1996,0,0,0.10580136
BRN,2000,0,0,0.101375915
BRN,2004,0,0,0.12517236
BRN,2008,0,0,0.24588613
BRN,2012,1,0,0.3102852
BRN,2016,1,1,0.5677924
BRN,2024,1,0,0.49340364
BRU,1996,0,0,0.10109261
BRU,2000,0,0,0.10049807
BRU,2004,0,0,0.09886822
BRU,2012,0,0,0.100608096
BRU,2016,0,0,0.100016095
BRU,2024,0,0,0.100016095
BUL,1964,1,1,0.9172876
BUL,1968,1,1,0.9277931
BUL,1972,1,1,0.9279865
BUL,1976,1,1,0.9279865
BUL,1988,1,1,0.9279865
BUL,1992,1,1,0.9279865
BUL,1996,1,1,0.9157753
BUL,2000,1,1,0.9279865
BUL,2004,1,1,0.9278053
BUL,2008,1,1,0.9279865
BUL,2012,1,1,0.91481453
BUL,2016,1,1,0.9189947
BUL,2024,1,1,0.9266376
BUR,1972,0,0,0.10117926
BUR,1988,0,0,0.11101331
BUR,1992,0,0,0.104181774
BUR,1996,0,0,0.10747427
BUR,2000,0,0,0.10223656
BUR,2004,0,0,0.10747427
BUR,2008,0,0,0.10988817
BUR,2012,0,0,0.10795862
BUR,2016,0,0,0.10963233
BUR,2024,0,0,0.12787715
CAF,1968,0,0,0.10117926
CAF,1988,0,0,0.1448838
CAF,1992,0,0,0.1944532
CAF,1996,0,0,0.10633699
CAF,2000,0,0,0.09886822
CAF,2004,0,0,0.10624586
CAF,2008,0,0,0.09972636
CAF,2012,0,0,0.11070198
CAF,2016,0,0,0.111439414
CAF,2024,0,0,0.10402734
CAM,1964,0,0,0.17482953
CAM,1972,0,0,0.18480343
CAM,1996,0,0,0.10633699
CAM,2000,0,0,0.101375915
CAM,2004,0,0,0.10624586
CAM,2008,0,0,0.10624586
CAM,2012,0,0,0.110700004
CAM,2016,0,0,0.114867374
CAM,2024,0,0,0.1006066
CAN,1964,1,1,0.84828335
CAN,1968,1,1,0.9245792
CAN,1972,1,1,0.9279865
CAN,1976,1,1,0.9277931
CAN,1988,1,1,0.9279865
CAN,1992,1,1,0.9279865
CAN,1996,1,1,0.9279865
CAN,2000,1,1,0.9279865
CAN,2004,1,1,0.9278681
CAN,2008,1,1,0.9279865
CAN,2012,1,1,0.9279865
CAN,2016,1,1,0.9279865
CAN,2024,1,1,0.9279865
CAY,1976,0,0,0.10117926
CAY,1988,0,0,0.1337288
CAY,1992,0,0,0.13700373
CAY,1996,0,0,0.1104683
CAY,2000,0,0,0.1012438
CAY,2004,0,0,0.12181212
CAY,2008,0,0,0.10911537
CAY,2012,0,0,0.10747427
CAY,2016,0,0,0.109318115
CAY,2024,0,0,0.110265195
CGO,1964,0,0,0.10337202
CGO,1972,0,0,0.10943973
CGO,1988,0,0,0.11150886
CGO,1992,0,0,0.110941924
CGO,1996,0,0,0.10633699
CGO,2000,0,0,0.10775328
CGO,2004,0,0,0.109214924
CGO,2008,0,0,0.10811461
CGO,2012,0,0,0.108937554
CGO,2016,0,0,0.1255927
CGO,2024,0,0,0.10402156
CHA,1964,0,0,0.10337202
CHA,1968,0,0,0.10896822
CHA,1972,0,0,0.10756574
CHA,1988,0,0,0.108422175
CHA,1992,0,0,0.10845696
CHA,1996,0,0,0.100505166
CHA,2000,0,0,0.09972636
CHA,2004,0,0,0.09886822
CHA,2008,0,0,0.100016095
CHA,2012,0,0,0.10093977
CHA,2016,0,0,0.10264715
CHA,2024,0,0,0.10351734
CHI,1964,0,0,0.20432188
CHI,1968,0,0,0.21869877
CHI,1972,0,0,0.14663728
CHI,1976,0,0,0.12184615
CHI,1988,1,0,0.2119066
CHI,1992,0,0,0.25540146
CHI,1996,0,0,0.32933614
CHI,2000,1,1,0.6504054
CHI,2004,1,1,0.62975824
CHI,2008,1,1,0.8709839
CHI,2012,0,1,0.66861933
CHI,2016,0,1,0.719114
CHI,2024,1,1,0.73214
CHN,1988,1,1,0.79263616
CHN,1992,1,1,0.9279865
CHN,1996,1,1,0.9279865
CHN,2000,1,1,0.9279865
CHN,2004,1,1,0.9279865
CHN,2008,1,1,0.9279865
CHN,2012,1,1,0.92178667
CHN,2016,1,1,0.9279865
CHN,2024,1,1,0.9279865
CIV,1964,0,0,0.14397442
CIV,1968,0,0,0.12218067
CIV,1972,0,0,0.14133963
CIV,1976,0,0,0.12755872
CIV,1988,0,0,0.30666968
CIV,1992,0,0,0.20160486
CIV,1996,0,0,0.16363795
CIV,2000,0,0,0.2565045
CIV,2004,0,0,0.10648958
CIV,2008,0,0,0.19973013
CIV,2012,0,0,0.12629688
CIV,2016,1,0,0.2802918
CIV,2024,1,1,0.50491184
CMR,1964,0,0,0.10337202
CMR,1968,1,0,0.110978395
CMR,1972,0,0,0.26193407
CMR,1976,0,0,0.12494894
CMR,1988,0,0,0.26531288
CMR,1992,0,0,0.1557998
CMR,1996,0,0,0.25141546
CMR,2000,1,0,0.49530903
CMR,2004,1,0,0.4489348
CMR,2008,1,1,0.63123405
CMR,2012,0,1,0.5899901
CMR,2016,0,0,0.32525554
CMR,2024,0,0,0.13769913
COD,1968,0,0,0.12289163
COD,1988,0,0,0.18816423
COD,1992,0,0,0.18346304
COD,1996,0,0,0.15544625
COD,2000,0,0,0.09886822
COD,2004,0,0,0.10890538
COD,2008,0,0,0.10811394
COD,2012,0,0,0.10683625
COD,2016,0,0,0.10347701
COD,2024,0,0,0.11250896
COK,1988,0,0,0.13251601
COK,1992,0,0,0.09904539
COK,1996,0,0,0.10086651
COK,2000,0,0,0.09972636
COK,2004,0,0,0.100016095
COK,2008,0,0,0.10624586
COK,2012,0,0,0.12763996
COK,2016,0,0,0.12774345
COK,2024,0,0,0.09886822
COL,1964,0,0,0.33305258
COL,1968,0,0,0.4605548
COL,1972,1,0,0.47905004
COL,1976,0,1,0.6699131
COL,1988,1,1,0.70410806
COL,1992,1,1,0.7717205
COL,1996,0,1,0.76231647
COL,2000,1,1,0.78008914
COL,2004,1,1,0.8730736
COL,2008,1,1,0.90608084
COL,2012,1,1,0.9273303
COL,2016,1,1,0.9279865
COL,2024,1,1,0.9248128
COM,1996,0,0,0.10342361
COM,2000,0,0,0.09934529
COM,2004,0,0,0.100016095
COM,2008,0,0,0.100016095
COM,2012,0,0,0.100016095
COM,2016,0,0,0.1016699
COM,2024,0,0,0.10862021
CPV,1996,0,0,0.101744525
CPV,2000,0,0,0.1002071
CPV,2004,0,0,0.10086651
CPV,2008,0,0,0.09972636
CPV,2012,0,0,0.100016095
CPV,2016,0,0,0.11090531
CPV,2024,1,0,0.11142768
CRC,1964,0,0,0.10337202
CRC,1968,0,0,0.24977924
CRC,1972,0,0,0.10642761
CRC,1976,0,0,0.13275537
CRC,1988,1,0,0.40934947
CRC,1992,0,0,0.30263132
CRC,1996,1,0,0.24176458
CRC,2000,1,0,0.37217432
CRC,2004,0,0,0.46413967
CRC,2008,0,0,0.18238142
CRC,2012,0,0,0.31262174
CRC,2016,0,0,0.2700674
CRC,2024,0,0,0.15799913
CRO,1992,1,1,0.6691354
CRO,1996,1,1,0.90374964
CRO,2000,1,1,0.9263006
CRO,2004,1,1,0.9265571
CRO,2008,1,1,0.9279865
CRO,2012,1,1,0.92782515
CRO,2016,1,1,0.92782515
CRO,2024,1,1,0.9277457
CUB,1964,1,0,0.4528001
CUB,1968,1,1,0.8372025
CUB,1972,1,1,0.92647046
CUB,1976,1,1,0.9279865
CUB,1992,1,1,0.925968
CUB,1996,1,1,0.9279865
CUB,2000,1,1,0.9277931
CUB,2004,1,1,0.92178667
CUB,2008,1,1,0.9279865
CUB,2012,1,1,0.927707
CUB,2016,1,1,0.9278681
CUB,2024,1,1,0.9187561
CYP,1988,0,0,0.13391195
CYP,1992,0,0,0.20008352
CYP,1996,0,0,0.21859948
CYP,2000,0,0,0.26317823
CYP,2004,0,0,0.25876805
CYP,2008,0,0,0.27682585
CYP,2012,1,0,0.2540763
CYP,2016,0,0,0.37602878
CYP,2024,1,1,0.52234465
CZE,1996,1,1,0.85051894
CZE,2000,1,1,0.9279865
CZE,2004,1,1,0.9279865
CZE,2008,1,1,0.9279865
CZE,2012,1,1,0.92785096
CZE,2016,1,1,0.9279865
CZE,2024,1,1,0.9279865
DEN,1964,1,1,0.91972846
DEN,1968,1,1,0.9275723
DEN,1972,1,1,0.9277137
DEN,1976,1,1,0.86095816
DEN,1988,1,1,0.9277931
DEN,1992,1,1,0.9279865
DEN,1996,1,1,0.9279865
DEN,2000,1,1,0.9279865
DEN,2004,1,1,0.9279865
DEN,2008,1,1,0.9279865
DEN,2012,1,1,0.9279865
DEN,2016,1,1,0.9279865
DEN,2024,1,1,0.9279865
DJI,1988,1,0,0.11656144
DJI,1992,0,0,0.18967363
DJI,1996,0,0,0.12022913
DJI,2000,0,0,0.11717038
DJI,2008,0,0,0.10652015
DJI,2012,0,0,0.11264499
DJI,2016,0,0,0.12469723
DJI,2024,0,0,0.11853682
DMA,1996,0,0,0.12078401
DMA,2000,0,0,0.1018637
DMA,2004,0,0,0.09886822
DMA,2008,0,0,0.100016095
DMA,2012,0,0,0.100016095
DMA,2016,0,0,0.100016095
DMA,2024,1,0,0.10227057
DOM,1964,0,0,0.10337202
DOM,1968,0,0,0.20941071
DOM,1972,0,0,0.10642761
DOM,1976,0,0,0.13071626
DOM,1988,0,0,0.17641003
DOM,1992,0,0,0.35979003
DOM,1996,0,0,0.22068973
DOM,2000,0,0,0.21768671
DOM,2004,1,1,0.65689105
DOM,2008,1,1,0.6302755
DOM,2012,1,1,0.8392642
DOM,2016,1,1,0.78740025
DOM,2024,1,1,0.7977519
ECU,1968,0,0,0.41791013
ECU,1972,0,0,0.10693683
ECU,1976,0,0,0.11868208
ECU,1988,0,0,0.17788947
ECU,1992,0,0,0.18278037
ECU,1996,1,0,0.38317955
ECU,2000,0,0,0.29292667
ECU,2004,0,0,0.28882578
ECU,2008,1,1,0.56719357
ECU,2012,0,1,0.58942974
ECU,2016,0,1,0.6455516
ECU,2024,1,1,0.6698593
EGY,1964,0,1,0.502269
EGY,1968,0,0,0.30418304
EGY,1972,0,0,0.24204282
EGY,1976,0,0,0.22584705
EGY,1988,0,0,0.46715048
EGY,1992,0,1,0.58860743
EGY,1996,0,0,0.33185494
EGY,2000,0,1,0.7480705
EGY,2004,1,1,0.69784117
EGY,2008,1,1,0.8973988
EGY,2012,1,1,0.86485356
EGY,2016,1,1,0.8971968
EGY,2024,1,1,0.9015281
EOR,2024,1,1,0.7449295
ERI,2000,0,0,0.101744525
ERI,2004,1,0,0.10824089
ERI,2008,0,0,0.22608833
ERI,2012,0,0,0.18953697
ERI,2016,0,0,0.16373272
ERI,2024,0,0,0.17175297
ESA,1968,0,1,0.5483117
ESA,1972,0,0,0.19128126
ESA,1988,0,0,0.10902235
ESA,1992,0,0,0.1095817
ESA,1996,0,0,0.12357102
ESA,2000,0,0,0.1306165
ESA,2004,0,0,0.12495137
ESA,2008,0,0,0.29810673
ESA,2012,0,0,0.17704518
ESA,2016,0,0,0.1273146
ESA,2024,0,0,0.12729879
ESP,1964,0,0,0.4489387
ESP,1968,0,1,0.5009431
ESP,1972,1,1,0.6473166
ESP,1976,1,1,0.84777325
ESP,1988,1,1,0.9274744
ESP,1992,1,1,0.9277931
ESP,1996,1,1,0.927707
ESP,2000,1,1,0.9279865
ESP,2004,1,1,0.92649746
ESP,2008,1,1,0.9279865
ESP,2012,1,1,0.9279865
ESP,2016,1,1,0.9279865
ESP,2024,1,1,0.9279865
EST,1992,1,1,0.6862598
EST,1996,0,1,0.8545683
EST,2000,1,1,0.7281564
EST,2004,1,1,0.9167028
EST,2008,1,1,0.91998327
EST,2012,1,1,0.9085866
EST,2016,1,1,0.9126651
EST,2024,0,1,0.74435705
ETH,1964,1,0,0.4475284
ETH,1968,1,1,0.6304199
ETH,1972,1,1,0.83779126
ETH,1992,1,1,0.65302205
ETH,1996,1,1,0.80568063
ETH,2000,1,1,0.87715024
ETH,2004,1,1,0.8923697
ETH,2008,1,1,0.8933563
ETH,2012,1,1,0.90436834
ETH,2016,1,1,0.91017246
ETH,2024,1,1,0.90496945
EUN,1992,1,1,0.8350947
FIJ,1968,0,0,0.09895317
FIJ,1972,0,0,0.10899792
FIJ,1976,0,0,0.10756574
FIJ,1988,0,0,0.42753235
FIJ,1992,0,0,0.49561962
FIJ,1996,0,0,0.22070724
FIJ,2000,0,0,0.12170825
FIJ,2004,0,0,0.12328697
FIJ,2008,0,0,0.10886916
FIJ,2012,0,0,0.12250925
FIJ,2016,1,1,0.5744848
FIJ,2024,1,1,0.5173375
FIN,1964,1,1,0.9218672
FIN,1968,1,1,0.9262717
FIN,1972,1,1,0.9264479
FIN,1976,1,1,0.9277342
FIN,1988,1,1,0.92785096
FIN,1992,1,1,0.9279865
FIN,1996,1,1,0.9279865
FIN,2000,1,1,0.9276952
FIN,2004,1,1,0.9273608
FIN,2008,1,1,0.92359126
FIN,2012,1,1,0.927523
FIN,2016,1,1,0.927523
FIN,2024,0,1,0.84133524
FRA,1964,1,1,0.917191
FRA,1968,1,1,0.9279865
FRA,1972,1,1,0.9279865
FRA,1976,1,1,0.9279865
FRA,1988,1,1,0.9278681
FRA,1992,1,1,0.9279865
FRA,1996,1,1,0.9279865
FRA,2000,1,1,0.9279865
FRA,2004,1,1,0.9279865
FRA,2008,1,1,0.9279865
FRA,2012,1,1,0.9279865
FRA,2016,1,1,0.9279865
FRA,2024,1,1,0.9277931
FSM,2000,0,0,0.10975687
FSM,2004,0,0,0.10863088
FSM,2008,0,0,0.10811461
FSM,2012,0,0,0.1090941
FSM,2016,0,0,0.1101136
FSM,2024,0,0,0.09886822
GAB,1972,0,0,0.10117926
GAB,1988,0,0,0.100101925
GAB,1992,0,0,0.108580105
GAB,1996,0,0,0.11216477
GAB,2000,0,0,0.108557515
GAB,2004,0,0,0.107804224
GAB,2008,0,0,0.1059402
GAB,2012,1,0,0.21706997
GAB,2016,0,0,0.21194829
GAB,2024,0,0,0.11928172
GAM,1988,0,0,0.117480084
GAM,1992,0,0,0.10923049
GAM,1996,0,0,0.13440154
GAM,2000,0,0,0.09886822
GAM,2004,0,0,0.100016095
GAM,2008,0,0,0.100016095
GAM,2012,0,0,0.09972636
GAM,2016,0,0,0.10313795
GAM,2024,0,0,0.13144079
GBR,1964,1,1,0.9279865
GBR,1968,1,1,0.9279865
GBR,1972,1,1,0.9279865
GBR,1976,1,1,0.9279865
GBR,1988,1,1,0.9279865
GBR,1992,1,1,0.9279865
GBR,1996,1,1,0.9279865
GBR,2000,1,1,0.9279865
GBR,2004,1,1,0.9279865
GBR,2008,1,1,0.9279865
GBR,2012,1,1,0.9277931
GBR,2016,1,1,0.927707
GBR,2024,1,1,0.9279865
GBS,1996,0,0,0.101744525
GBS,2000,0,0,0.10049807
GBS,2004,0,0,0.100016095
GBS,2008,0,0,0.100016095
GBS,2012,0,0,0.10714418
GBS,2016,0,0,0.1089841
GBS,2024,0,0,0.11062386
GEO,1996,1,1,0.72710705
GEO,2000,1,1,0.8416801
GEO,2004,1,1,0.92274606
GEO,2008,1,1,0.918263
GEO,2012,1,1,0.9232757
GEO,2016,1,1,0.92562246
GEO,2024,1,1,0.92495507
GEQ,1988,0,0,0.123946674
GEQ,1992,0,0,0.11760101
GEQ,1996,0,0,0.111748144
GEQ,2000,0,0,0.100505166
GEQ,2004,0,0,0.09886822
GEQ,2008,0,0,0.100016095
GEQ,2012,0,0,0.09972636
GEQ,2016,0,0,0.09886822
GEQ,2024,0,0,0.100608096
GER,1964,1,1,0.9279865
GER,1968,1,1,0.9277931
GER,1972,1,1,0.9279865
GER,1976,1,1,0.9279865
GER,1988,1,1,0.9279865
GER,1992,1,1,0.927707
GER,1996,1,1,0.9278681
GER,2000,1,1,0.9279865
GER,2004,1,1,0.9279865
GER,2008,1,1,0.9279865
GER,2012,1,1,0.9279865
GER,2016,1,1,0.9279865
GER,2024,1,1,0.9279865
GHA,1964,1,1,0.5007159
GHA,1968,0,1,0.5447614
GHA,1972,1,0,0.44832638
GHA,1988,0,0,0.29647565
GHA,1992,1,1,0.50345576
GHA,1996,0,1,0.5135567
GHA,2000,0,0,0.40316203
GHA,2004,0,0,0.359627
GHA,2008,0,0,0.12794821
GHA,2012,0,0,0.1224266
GHA,2016,0,0,0.2974246
GHA,2024,0,0,0.13694522
GRE,1964,0,0,0.4865379
GRE,1968,1,1,0.6940464
GRE,1972,1,1,0.7926194
GRE,1976,0,1,0.73324573
GRE,1988,1,1,0.8036969
GRE,1992,1,1,0.8792362
GRE,1996,1,1,0.9173435
GRE,2000,1,1,0.92785096
GRE,2004,1,1,0.92637867
GRE,2008,1,1,0.91189563
GRE,2012,1,1,0.90964746
GRE,2016,1,1,0.9278681
GRE,2024,1,1,0.92782515
GRN,1988,0,0,0.12483369
GRN,1992,0,0,0.10799549
GRN,1996,0,0,0.107571095
GRN,2000,0,0,0.09886822
GRN,2004,0,0,0.10827044
GRN,2008,0,0,0.123716146
GRN,2012,1,0,0.122672305
GRN,2016,1,0,0.36267737
GRN,2024,1,0,0.2221806
GUA,1968,0,0,0.4114999
GUA,1972,0,0,0.12562561
GUA,1976,0,0,0.24176288
GUA,1988,0,0,0.32911226
GUA,1992,0,0,0.47934496
GUA,1996,0,0,0.3889255
GUA,2000,0,0,0.23703676
GUA,2004,0,0,0.2479343
GUA,2008,0,0,0.2479976
GUA,2012,1,1,0.5207546
GUA,2016,0,0,0.40509683
GUA,2024,1,0,0.2513555
GUI,1968,0,0,0.16362037
GUI,1988,0,0,0.108710326
GUI,1992,0,0,0.1418589
GUI,1996,0,0,0.10633699
GUI,2000,0,0,0.10988817
GUI,2004,0,0,0.10539666
GUI,2008,0,0,0.10825799
GUI,2012,0,0,0.10683625
GUI,2016,0,0,0.11013762
GUI,2024,0,0,0.21750216
GUM,1988,0,0,0.3436506
GUM,1992,0,1,0.5202391
GUM,1996,0,0,0.11660059
GUM,2000,0,0,0.10942841
GUM,2004,0,0,0.1044954
GUM,2008,0,0,0.11054414
GUM,2012,0,0,0.12230235
GUM,2016,0,0,0.10783278
GUM,2024,0,0,0.1284969
GUY,1964,0,0,0.101589754
GUY,1968,0,0,0.10991926
GUY,1972,0,0,0.10734357
GUY,1988,0,0,0.11649884
GUY,1992,0,0,0.10878957
GUY,1996,0,0,0.11069616
GUY,2000,0,0,0.100505166
GUY,2004,0,0,0.10624586
GUY,2008,0,0,0.10722022
GUY,2012,0,0,0.11142208
GUY,2016,0,0,0.11386725
GUY,2024,0,0,0.1110054
HAI,1972,0,0,0.110305086
HAI,1976,0,0,0.18327889
HAI,1988,0,0,0.10642761
HAI,1992,0,0,0.11706103
HAI,1996,0,0,0.10942841
HAI,2000,0,0,0.1074438
HAI,2004,0,0,0.12058857
HAI,2008,0,0,0.11173076
HAI,2012,0,0,0.10968061
HAI,2016,0,0,0.1298582
HAI,2024,0,0,0.21422918
HKG,1964,0,0,0.42191187
HKG,1968,0,0,0.20838247
HKG,1972,0,0,0.18546565
HKG,1976,0,0,0.3945507
HKG,1988,0,1,0.61004037
HKG,1992,0,1,0.5690661
HKG,1996,1,1,0.6241741
HKG,2000,0,1,0.62460357
HKG,2004,1,1,0.7089086
HKG,2008,0,1,0.5964615
HKG,2012,1,1,0.74974436
HKG,2016,0,1,0.57179105
HKG,2024,1,1,0.7018384
HON,1968,0,0,0.1162883
HON,1976,0,0,0.10435419
HON,1988,0,0,0.17130335
HON,1992,0,0,0.41548586
HON,1996,0,0,0.10872848
HON,2000,0,0,0.17570539
HON,2004,0,0,0.10664302
HON,2008,0,0,0.23794624
HON,2012,0,0,0.23012868
HON,2016,0,0,0.21937172
HON,2024,0,0,0.10402156
HUN,1964,1,1,0.9279865
HUN,1968,1,1,0.9279865
HUN,1972,1,1,0.9279865
HUN,1976,1,1,0.9279865
HUN,1988,1,1,0.9278681
HUN,1992,1,1,0.9279865
HUN,1996,1,1,0.9279865
HUN,2000,1,1,0.9279865
HUN,2004,1,1,0.9279865
HUN,2008,1,1,0.9279865
HUN,2012,1,1,0.9278681
HUN,2016,1,1,0.9279865
HUN,2024,1,1,0.9279865
INA,1968,0,0,0.10617538
INA,1972,0,0,0.11172574
INA,1976,0,0,0.15129684
INA,1988,1,1,0.5450646
INA,1992,1,1,0.67134446
INA,1996,1,1,0.90426844
INA,2000,1,1,0.89374983
INA,2004,1,1,0.91674036
INA,2008,1,1,0.87506413
INA,2012,1,1,0.8432155
INA,2016,1,1,0.85343146
INA,2024,1,1,0.91356474
IND,1964,1,1,0.6740591
IND,1968,1,1,0.5699308
IND,1972,1,1,0.5619278
IND,1976,0,0,0.45923167
IND,1988,0,1,0.52645457
IND,1992,0,1,0.58056223
IND,1996,1,1,0.6702241
IND,2000,1,1,0.8564799
IND,2004,1,1,0.857707
IND,2008,1,1,0.7925508
IND,2012,1,1,0.9273508
IND,2016,1,1,0.9279865
IND,2024,1,1,0.91552424
IOA,1992,1,1,0.7980719
IOA,2000,0,0,0.32698393
IOA,2012,0,0,0.21224402
IOA,2016,1,0,0.3485661
IRI,1964,1,1,0.9041964
IRI,1968,1,1,0.6410242
IRI,1972,1,1,0.9146532
IRI,1976,1,1,0.9266988
IRI,1988,1,1,0.7737746
IRI,1992,1,1,0.8215721
IRI,1996,1,1,0.7797424
IRI,2000,1,1,0.9054001
IRI,2004,1,1,0.91933054
IRI,2008,1,1,0.9254866
IRI,2012,1,1,0.9064369
IRI,2016,1,1,0.9275723
IRI,2024,1,1,0.92428243
IRL,1964,1,0,0.450874
IRL,1968,0,0,0.4901186
IRL,1972,0,1,0.6089851
IRL,1976,0,0,0.4385087
IRL,1988,0,1,0.5405031
IRL,1992,1,1,0.62165266
IRL,1996,1,1,0.8739057
IRL,2000,1,1,0.90727925
IRL,2004,0,1,0.6324487
IRL,2008,1,1,0.79499805
IRL,2012,1,1,0.9151929
IRL,2016,1,1,0.92292607
IRL,2024,1,1,0.9181671
IRQ,1964,0,0,0.3237733
IRQ,1968,0,0,0.121189676
IRQ,1988,0,0,0.29035085
IRQ,1992,0,0,0.12223884
IRQ,1996,0,0,0.104131825
IRQ,2000,0,0,0.10666172
IRQ,2004,0,0,0.21622321
IRQ,2008,0,0,0.109177016
IRQ,2012,0,0,0.12712826
IRQ,2016,0,0,0.19251186
IRQ,2024,0,0,0.20535448
ISL,1964,0,0,0.109696016
ISL,1968,0,0,0.18207324
ISL,1972,0,0,0.2791739
ISL,1976,0,0,0.28901854
ISL,1988,0,0,0.44186544
ISL,1992,0,0,0.31411454
ISL,1996,0,0,0.22238345
ISL,2000,1,1,0.5456009
ISL,2004,0,0,0.47811517
ISL,2008,1,0,0.45134374
ISL,2012,0,1,0.5033941
ISL,2016,0,0,0.29672134
ISL,2024,0,0,0.1290857
ISR,1964,0,0,0.18430242
ISR,1968,0,0,0.31187427
ISR,1972,0,0,0.18469135
ISR,1976,0,0,0.33870807
ISR,1988,0,0,0.33255875
ISR,1992,1,1,0.61582226
ISR,1996,1,1,0.81515133
ISR,2000,1,1,0.7534239
ISR,2004,1,1,0.7131326
ISR,2008,1,1,0.8809701
ISR,2012,0,1,0.69987303
ISR,2016,1,1,0.7526769
ISR,2024,1,1,0.8980731
ISV,1968,0,0,0.1162883
ISV,1972,0,0,0.16207409
ISV,1976,0,0,0.3243334
ISV,1988,1,0,0.42483222
ISV,1992,0,0,0.46353686
ISV,1996,0,0,0.23108578
ISV,2000,0,0,0.2262399
ISV,2004,0,0,0.12730938
ISV,2008,0,0,0.12570593
ISV,2012,0,0,0.11655033
ISV,2016,0,0,0.11655937
ISV,2024,0,0,0.11262738
ITA,1964,1,1,0.92148614
ITA,1968,1,1,0.9279865
ITA,1972,1,1,0.9278681
ITA,1976,1,1,0.9279865
ITA,1988,1,1,0.9279865
ITA,1992,1,1,0.9279865
ITA,1996,1,1,0.9279865
ITA,2000,1,1,0.9279865
ITA,2004,1,1,0.9279865
ITA,2008,1,1,0.9279865
ITA,2012,1,1,0.9279865
ITA,2016,1,1,0.9279865
ITA,2024,1,1,0.9277931
IVB,1988,0,0,0.10985004
IVB,1992,0,0,0.10589862
IVB,1996,0,0,0.11348896
IVB,2000,0,0,0.09886822
IVB,2004,0,0,0.100016095
IVB,2008,0,0,0.100016095
IVB,2012,0,0,0.100016095
IVB,2016,0,0,0.10241796
IVB,2024,0,0,0.1016699
JAM,1964,0,0,0.30897817
JAM,1968,1,0,0.49733433
JAM,1972,1,1,0.60507023
JAM,1976,1,1,0.6465693
JAM,1988,1,1,0.8809956
JAM,1992,1,1,0.89827627
JAM,1996,1,1,0.92296505
JAM,2000,1,1,0.92429894
JAM,2004,1,1,0.9239028
JAM,2008,1,1,0.9241751
JAM,2012,1,1,0.92267716
JAM,2016,1,1,0.92379296
JAM,2024,1,1,0.92379296
JOR,1988,0,0,0.13378175
JOR,1992,0,0,0.106525965
JOR,1996,0,0,0.10811461
JOR,2000,0,0,0.13050796
JOR,2004,0,0,0.123974666
JOR,2008,0,0,0.11270265
JOR,2012,0,0,0.12599747
JOR,2016,1,0,0.13017406
JOR,2024,1,0,0.3555057
JPN,1964,1,1,0.9277931
JPN,1968,1,1,0.92157185
JPN,1972,1,1,0.9279865
JPN,1976,1,1,0.9279865
JPN,1988,1,1,0.9279865
JPN,1992,1,1,0.9278681
JPN,1996,1,1,0.9279865
JPN,2000,1,1,0.9278681
JPN,2004,1,1,0.9279865
JPN,2008,1,1,0.9279865
JPN,2012,1,1,0.9279865
JPN,2016,1,1,0.9279865
JPN,2024,1,1,0.9279865
KAZ,1996,1,1,0.84753585
KAZ,2000,1,1,0.9279865
KAZ,2004,1,1,0.92773247
KAZ,2008,1,1,0.9279865
KAZ,2012,1,1,0.9279865
KAZ,2016,1,1,0.9279865
KAZ,2024,1,1,0.9279865
KEN,1964,1,0,0.43442896
KEN,1968,1,1,0.5176495
KEN,1972,1,1,0.9214661
KEN,1988,1,1,0.92219514
KEN,1992,1,1,0.9055732
KEN,1996,1,1,0.9227361
KEN,2000,1,1,0.9241794
KEN,2004,1,1,0.9104998
KEN,2008,1,1,0.9224656
KEN,2012,1,1,0.92114896
KEN,2016,1,1,0.9240966
KEN,2024,1,1,0.92429894
KGZ,1996,0,1,0.66754127
KGZ,2000,1,1,0.769423
KGZ,2004,0,1,0.5234031
KGZ,2008,1,0,0.4878005
KGZ,2012,0,0,0.44762558
KGZ,2016,0,0,0.34762457
KGZ,2024,1,0,0.45197806
KIR,2004,0,0,0.101744525
KIR,2008,0,0,0.1002071
KIR,2012,0,0,0.100016095
KIR,2016,0,0,0.100016095
KIR,2024,0,0,0.10086651
KOR,1964,1,1,0.7762887
KOR,1968,1,1,0.8277711
KOR,1972,1,1,0.87651134
KOR,1976,1,1,0.8186687
KOR,1988,1,1,0.9256774
KOR,1992,1,1,0.92136323
KOR,1996,1,1,0.9279865
KOR,2000,1,1,0.9279865
KOR,2004,1,1,0.9279865
KOR,2008,1,1,0.9279865
KOR,2012,1,1,0.9279865
KOR,2016,1,1,0.9279865
KOR,2024,1,1,0.9279865
KOS,2016,1,0,0.16156562
KOS,2024,1,0,0.3008215
KSA,1972,0,0,0.17172433
KSA,1976,0,0,0.21037802
KSA,1988,0,0,0.16691685
KSA,1992,0,0,0.1819954
KSA,1996,0,0,0.35869983
KSA,2000,1,0,0.2630015
KSA,2004,0,0,0.45495808
KSA,2008,0,0,0.32332268
KSA,2012,1,0,0.45404956
KSA,2016,0,0,0.26709104
KSA,2024,0,0,0.17440665
KUW,1968,0,0,0.10117926
KUW,1972,0,0,0.109517924
KUW,1976,0,0,0.20101279
KUW,1988,0,0,0.42767298
KUW,1992,0,0,0.34778738
KUW,1996,0,0,0.29815248
KUW,2000,1,0,0.35689625
KUW,2004,0,0,0.19754377
KUW,2008,0,0,0.122955784
KUW,2012,1,0,0.2723724
KUW,2024,0,0,0.24195799
LAO,1988,0,0,0.101831675
LAO,1992,0,0,0.11042332
LAO,1996,0,0,0.10726208
LAO,2000,0,0,0.09886822
LAO,2004,0,0,0.10827044
LAO,2008,0,0,0.1059402
LAO,2012,0,0,0.09972636
LAO,2016,0,0,0.1101048
LAO,2024,0,0,0.10238391
LAT,1992,1,1,0.70151377
LAT,1996,1,1,0.8672884
LAT,2000,1,1,0.8121124
LAT,2004,1,1,0.91779
LAT,2008,1,1,0.9244072
LAT,2012,1,1,0.9209169
LAT,2016,0,1,0.75209516
LAT,2024,0,1,0.7906738
LBA,1968,0,0,0.10117926
LBA,1988,0,0,0.11115716
LBA,1992,0,0,0.10779076
LBA,1996,0,0,0.10811461
LBA,2000,0,0,0.099709965
LBA,2004,0,0,0.12128594
LBA,2008,0,0,0.10942841
LBA,2012,0,0,0.10628865
LBA,2016,0,0,0.112091646
LBA,2024,0,0,0.11186727
LBN,2024,0,0,0.15569775
LBR,1964,0,0,0.101589754
LBR,1972,0,0,0.10899792
LBR,1988,0,0,0.1224846
LBR,1996,0,0,0.10580136
LBR,2000,0,0,0.11342034
LBR,2004,0,0,0.09886822
LBR,2008,0,0,0.107849754
LBR,2012,0,0,0.10147814
LBR,2016,0,0,0.10177238
LBR,2024,0,0,0.11680046
LCA,1996,0,0,0.13223657
LCA,2000,0,0,0.106488235
LCA,2004,0,0,0.09886822
LCA,2008,0,0,0.107650176
LCA,2012,0,0,0.10792578
LCA,2016,0,0,0.10977745
LCA,2024,1,0,0.10926655
LES,1972,0,0,0.10117926
LES,1988,0,0,0.10899792
LES,1992,0,0,0.11620863
LES,1996,0,0,0.115346536
LES,2000,0,0,0.10763247
LES,2004,0,0,0.09886822
LES,2008,0,0,0.10772623
LES,2012,0,0,0.10683625
LES,2016,0,0,0.12262524
LES,2024,0,0,0.1006066
LIB,1964,0,0,0.11560115
LIB,1968,0,0,0.18998033
LIB,1972,1,1,0.5521354
LIB,1976,0,0,0.17424527
LIB,1988,0,0,0.42242515
LIB,1992,0,0,0.23008813
LIB,1996,0,0,0.10325705
LIB,2000,0,0,0.11552476
LIB,2004,0,0,0.11045393
LIB,2008,0,0,0.11353381
LIB,2012,0,0,0.13200678
LIB,2016,0,0,0.12896776
LIE,1964,0,0,0.10747704
LIE,1968,0,0,0.10610256
LIE,1972,0,0,0.16938236
LIE,1976,0,0,0.12383189
LIE,1988,0,0,0.19197714
LIE,1992,0,0,0.11615204
LIE,1996,0,0,0.09886822
LIE,2000,0,0,0.100016095
LIE,2004,0,0,0.09886822
LIE,2008,0,0,0.10180819
LIE,2012,0,0,0.10980597
LIE,2016,0,0,0.10235065
LIE,2024,0,0,0.101472475
LTU,1992,1,1,0.67413324
LTU,1996,1,1,0.8849352
LTU,2000,1,1,0.86157113
LTU,2004,1,1,0.9275723
LTU,2008,1,1,0.9275706
LTU,2012,1,1,0.92782515
LTU,2016,1,1,0.92782515
LTU,2024,1,1,0.927446
LUX,1964,0,0,0.26809293
LUX,1968,0,0,0.10811263
LUX,1972,0,0,0.1497764
LUX,1976,0,0,0.114433624
LUX,1988,0,0,0.14871486
LUX,1992,0,0,0.11689349
LUX,1996,0,0,0.11205033
LUX,2000,0,0,0.12160843
LUX,2004,0,0,0.1739603
LUX,2008,0,0,0.25067937
LUX,2012,0,0,0.1726517
LUX,2016,0,0,0.26103726
LUX,2024,0,0,0.22085364
MAD,1964,0,0,0.11258167
MAD,1968,0,0,0.109486334
MAD,1972,0,0,0.15019716
MAD,1992,0,0,0.19712433
MAD,1996,0,0,0.17229874
MAD,2000,0,0,0.17431965
MAD,2004,0,0,0.121971965
MAD,2008,0,0,0.10942841
MAD,2012,0,0,0.11170903
MAD,2016,0,0,0.1145401
MAD,2024,0,0,0.11419217
MAR,1964,0,0,0.29316685
MAR,1968,0,0,0.25013342
MAR,1972,0,0,0.3821035
MAR,1976,0,0,0.13276681
MAR,1988,1,0,0.4640604
MAR,1992,1,1,0.87423754
MAR,1996,1,1,0.8824983
MAR,2000,1,1,0.9040461
MAR,2004,1,1,0.92563623
MAR,2008,1,1,0.9177673
MAR,2012,1,1,0.92293006
MAR,2016,1,1,0.82184225
MAR,2024,1,1,0.8329692
MAS,1964,0,1,0.5148947
MAS,1968,0,0,0.31161407
MAS,1972,0,0,0.35147816
MAS,1976,0,0,0.19146605
MAS,1988,0,0,0.17935437
MAS,1992,1,0,0.38221923
MAS,1996,1,1,0.60788715
MAS,2000,0,1,0.8090519
MAS,2004,0,1,0.6340494
MAS,2008,1,1,0.73100203
MAS,2012,1,1,0.7165427
MAS,2016,1,1,0.87562424
MAS,2024,1,1,0.89102817
MAW,1972,0,0,0.18672237
MAW,1988,0,0,0.19084655
MAW,1992,0,0,0.104181774
MAW,1996,0,0,0.09886822
MAW,2000,0,0,0.100016095
MAW,2004,0,0,0.10687035
MAW,2008,0,0,0.10624586
MAW,2012,0,0,0.09972636
MAW,2016,0,0,0.10979007
MAW,2024,0,0,0.1006066
MDA,1996,1,1,0.69300365
MDA,2000,1,1,0.7900136
MDA,2004,0,1,0.74513096
MDA,2008,1,1,0.70870554
MDA,2012,1,1,0.60875046
MDA,2016,0,1,0.55302316
MDA,2024,1,1,0.71446574
MDV,1988,0,0,0.12172645
MDV,1992,0,0,0.1170264
MDV,1996,0,0,0.11135329
MDV,2000,0,0,0.100505166
MDV,2004,0,0,0.10624586
MDV,2008,0,0,0.10624586
MDV,2012,0,0,0.10747427
MDV,2016,0,0,0.101375915
MDV,2024,0,0,0.10908784
MEX,1964,1,1,0.7782133
MEX,1968,1,1,0.85986173
MEX,1972,1,1,0.9211243
MEX,1976,1,1,0.8793272
MEX,1988,1,1,0.9273827
MEX,1992,1,1,0.9279662
MEX,1996,1,1,0.9101834
MEX,2000,1,1,0.90673125
MEX,2004,1,1,0.9279865
MEX,2008,1,1,0.9279865
MEX,2012,1,1,0.9279865
MEX,2016,1,1,0.9279865
MEX,2024,1,1,0.9278681
MGL,1964,0,0,0.45189938
MGL,1968,1,1,0.5172708
MGL,1972,1,1,0.8879539
MGL,1976,1,1,0.74469393
MGL,1988,1,1,0.78867674
MGL,1992,1,1,0.7869867
MGL,1996,1,1,0.7104434
MGL,2000,0,1,0.5819945
MGL,2004,1,1,0.64642656
MGL,2008,1,1,0.781187
MGL,2012,1,1,0.8983337
MGL,2016,1,1,0.9257571
MGL,2024,1,1,0.9123623
MHL,2008,0,0,0.11012409
MHL,2012,0,0,0.107347175
MHL,2016,0,0,0.10977745
MHL,2024,0,0,0.10223656
MKD,1996,0,0,0.21290767
MKD,2000,1,0,0.2337517
MKD,2004,0,0,0.2596099
MKD,2008,0,0,0.1263499
MKD,2012,0,0,0.118804835
MKD,2016,0,0,0.122458525
MKD,2024,0,0,0.11836373
MLI,1964,0,0,0.10337202
MLI,1968,0,0,0.100584276
MLI,1972,0,0,0.100101925
MLI,1988,0,0,0.11649884
MLI,1992,0,0,0.10878957
MLI,1996,0,0,0.101375915
MLI,2000,0,0,0.10711483
MLI,2004,0,0,0.19525349
MLI,2008,0,0,0.18503901
MLI,2012,0,0,0.10794178
MLI,2016,0,0,0.113140896
MLI,2024,0,0,0.21363719
MLT,1968,0,0,0.09895317
MLT,1972,0,0,0.10845051
MLT,1988,0,0,0.10873348
MLT,1992,0,0,0.11999766
MLT,1996,0,0,0.12707296
MLT,2000,0,0,0.109661795
MLT,2004,0,0,0.10989976
MLT,2008,0,0,0.10958488
MLT,2012,0,0,0.10968061
MLT,2016,0,0,0.13239458
MLT,2024,0,0,0.1105914
MNE,2008,0,0,0.18747632
MNE,2012,1,0,0.38166937
MNE,2016,0,0,0.43758434
MNE,2024,0,0,0.21246302
MON,1964,0,0,0.101589754
MON,1968,0,0,0.100101925
MON,1972,0,0,0.10899792
MON,1976,0,0,0.12105046
MON,1988,0,0,0.11829317
MON,1992,0,0,0.104181774
MON,1996,0,0,0.10253276
MON,2000,0,0,0.102829084
MON,2004,0,0,0.10057459
MON,2008,0,0,0.11050809
MON,2012,0,0,0.11092238
MON,2016,0,0,0.12914579
MON,2024,0,0,0.11202679
MOZ,1988,0,0,0.16526826
MOZ,1992,0,0,0.111426845
MOZ,1996,1,0,0.10004745
MOZ,2000,1,0,0.23337226
MOZ,2004,0,0,0.27359727
MOZ,2008,0,0,0.12800941
MOZ,2012,0,0,0.13461268
MOZ,2016,0,0,0.1317916
MOZ,2024,0,0,0.12709524
MRI,1988,0,0,0.13319837
MRI,1992,0,0,0.2379207
MRI,1996,0,1,0.51387304
MRI,2000,0,0,0.30486712
MRI,2004,0,0,0.11936883
MRI,2008,1,0,0.17987879
MRI,2012,0,0,0.24083585
MRI,2016,0,0,0.20176445
MRI,2024,0,0,0.24111326
MTN,1988,0,0,0.12326375
MTN,1992,0,0,0.10967474
MTN,1996,0,0,0.10171841
MTN,2000,0,0,0.0992032
MTN,2004,0,0,0.10035452
MTN,2008,0,0,0.10035452
MTN,2012,0,0,0.10035452
MTN,2016,0,0,0.10035452
MTN,2024,0,0,0.10035452
MYA,1964,0,0,0.18411998
MYA,1968,0,0,0.10624753
MYA,1972,0,0,0.15911084
MYA,1988,0,0,0.1000191
MYA,1992,0,0,0.11155382
MYA,1996,0,0,0.0992032
MYA,2000,0,0,0.11356675
MYA,2004,0,0,0.0992032
MYA,2008,0,0,0.11091377
MYA,2012,0,0,0.1108495
MYA,2016,0,0,0.12903807
MYA,2024,0,0,0.10181526
NAM,1992,1,0,0.1442658
NAM,1996,1,0,0.46013504
NAM,2000,0,1,0.50278425
NAM,2004,0,0,0.2319244
NAM,2008,0,0,0.23897567
NAM,2012,0,0,0.16322447
NAM,2016,0,0,0.18436086
NAM,2024,0,0,0.14800104
NCA,1968,0,0,0.18719275
NCA,1972,0,0,0.1247887
NCA,1976,0,0,0.2172378
NCA,1992,0,0,0.115743995
NCA,1996,0,0,0.27074486
NCA,2000,0,0,0.10830377
NCA,2004,0,0,0.11307928
NCA,2008,0,0,0.10961601
NCA,2012,0,0,0.10995173
NCA,2016,0,0,0.111003146
NCA,2024,0,0,0.11457245
NED,1964,1,1,0.89998376
NED,1968,1,1,0.92782515
NED,1972,1,1,0.9279865
NED,1976,1,1,0.9278681
NED,1988,1,1,0.9279865
NED,1992,1,1,0.9279865
NED,1996,1,1,0.9279865
NED,2000,1,1,0.9279865
NED,2004,1,1,0.9279865
NED,2008,1,1,0.9279865
NED,2012,1,1,0.9279865
NED,2016,1,1,0.9279865
NED,2024,1,1,0.9279865
NEP,1964,0,0,0.11915869
NEP,1972,0,0,0.099288404
NEP,1976,0,0,0.099288404
NEP,1988,0,0,0.18224639
NEP,1992,0,0,0.09890368
NEP,1996,0,0,0.11171943
NEP,2000,0,0,0.10859019
NEP,2004,0,0,0.10961601
NEP,2008,0,0,0.122010015
NEP,2012,0,0,0.107826516
NEP,2016,0,0,0.11457245
NEP,2024,0,0,0.11524963
NGR,1964,1,0,0.22533838
NGR,1968,0,0,0.45160404
NGR,1972,1,1,0.53052527
NGR,1988,0,1,0.59848374
NGR,1992,1,1,0.69228816
NGR,1996,1,1,0.91802263
NGR,2000,1,1,0.9232497
NGR,2004,1,1,0.92563826
NGR,2008,1,1,0.92587817
NGR,2012,0,1,0.8960084
NGR,2016,1,1,0.822285
NGR,2024,0,1,0.9149489
NIG,1964,0,0,0.1037205
NIG,1968,0,0,0.100924395
NIG,1972,1,0,0.10936305
NIG,1988,0,0,0.19338551
NIG,1992,0,0,0.10886462
NIG,1996,0,0,0.108253986
NIG,2000,0,0,0.10701996
NIG,2004,0,0,0.11142822
NIG,2008,0,0,0.11142822
NIG,2012,0,0,0.11378509
NIG,2016,1,0,0.11822939
NIG,2024,0,0,0.2008392
NOR,1964,0,1,0.6534625
NOR,1968,1,1,0.74072075
NOR,1972,1,1,0.9274744
NOR,1976,1,1,0.92027557
NOR,1988,1,1,0.91616094
NOR,1992,1,1,0.92785096
NOR,1996,1,1,0.9279865
NOR,2000,1,1,0.92782515
NOR,2004,1,1,0.9147539
NOR,2008,1,1,0.9275125
NOR,2012,1,1,0.9273449
NOR,2016,1,1,0.92770654
NOR,2024,1,1,0.9277931
NRU,1996,0,0,0.10208812
NRU,2000,0,0,0.100546084
NRU,2004,0,0,0.10035452
NRU,2008,0,0,0.0992032
NRU,2012,0,0,0.10035452
NRU,2016,0,0,0.10035452
NRU,2024,0,0,0.0992032
NZL,1964,1,1,0.88739115
NZL,1968,1,1,0.9189297
NZL,1972,1,1,0.9272886
NZL,1976,1,1,0.9269819
NZL,1988,1,1,0.9279865
NZL,1992,1,1,0.9277931
NZL,1996,1,1,0.9279865
NZL,2000,1,1,0.9278681
NZL,2004,1,1,0.9279865
NZL,2008,1,1,0.92785096
NZL,2012,1,1,0.9279865
NZL,2016,1,1,0.9279865
NZL,2024,1,1,0.9279865
OMA,1988,0,0,0.14567561
OMA,1992,0,0,0.10688381
OMA,1996,0,0,0.10878854
OMA,2000,0,0,0.112282194
OMA,2004,0,0,0.0992032
OMA,2008,0,0,0.10722921
OMA,2012,0,0,0.10006392
OMA,2016,0,0,0.10201327
OMA,2024,0,0,0.102878705
PAK,1964,1,1,0.7556793
PAK,1968,1,0,0.4570586
PAK,1972,1,1,0.72340757
PAK,1976,1,1,0.5304504
PAK,1988,1,1,0.71769303
PAK,1992,1,1,0.70932966
PAK,1996,0,1,0.5091936
PAK,2000,0,0,0.39743304
PAK,2004,0,0,0.3792329
PAK,2008,0,0,0.25741827
PAK,2012,0,0,0.2793212
PAK,2016,0,0,0.1532153
PAK,2024,1,0,0.1731604
PAN,1964,0,0,0.18806268
PAN,1968,0,0,0.15713438
PAN,1972,0,0,0.11447898
PAN,1976,0,0,0.17523128
PAN,1988,0,0,0.11591908
PAN,1992,0,0,0.1094672
PAN,1996,0,0,0.11950472
PAN,2000,0,0,0.10995173
PAN,2004,0,0,0.108165815
PAN,2008,1,0,0.11040224
PAN,2012,0,0,0.2904477
PAN,2016,0,0,0.2844367
PAN,2024,1,0,0.25771442
PAR,1968,0,0,0.10152116
PAR,1972,0,0,0.10152116
PAR,1976,0,0,0.11028706
PAR,1988,0,0,0.16635421
PAR,1992,0,0,0.3082241
PAR,1996,0,0,0.10830377
PAR,2000,0,0,0.10859019
PAR,2004,1,0,0.20850915
PAR,2008,0,0,0.17197962
PAR,2012,0,0,0.13709389
PAR,2016,0,0,0.18905732
PAR,2024,0,0,0.34071037
PER,1964,0,0,0.3308579
PER,1968,0,0,0.43942696
PER,1972,0,0,0.4136012
PER,1976,0,0,0.16601482
PER,1988,1,0,0.31947878
PER,1992,1,0,0.35809472
PER,1996,0,1,0.5810845
PER,2000,0,0,0.28614828
PER,2004,0,0,0.26472238
PER,2008,0,0,0.27282283
PER,2012,0,0,0.31222335
PER,2016,0,1,0.6132601
PER,2024,1,1,0.63724875
PHI,1964,1,1,0.5642691
PHI,1968,0,1,0.5396419
PHI,1972,0,0,0.48680928
PHI,1976,0,0,0.27928323
PHI,1988,1,1,0.5307483
PHI,1992,1,1,0.59005696
PHI,1996,1,0,0.46167532
PHI,2000,0,0,0.45304516
PHI,2004,0,0,0.37679496
PHI,2008,0,0,0.3041073
PHI,2012,0,0,0.18861754
PHI,2016,1,0,0.29261008
PHI,2024,1,1,0.656613
PLE,1996,0,0,0.101434246
PLE,2000,0,0,0.10083793
PLE,2004,0,0,0.10035452
PLE,2008,0,0,0.10660287
PLE,2012,0,0,0.10783489
PLE,2016,0,0,0.110993735
PLE,2024,0,0,0.12817264
PLW,2000,0,0,0.11092487
PLW,2004,0,0,0.106804945
PLW,2008,0,0,0.10783489
PLW,2012,0,0,0.109580666
PLW,2016,0,0,0.1117999
PLW,2024,0,0,0.0992032
PNG,1976,0,0,0.13403332
PNG,1988,0,0,0.17900358
PNG,1992,0,0,0.18615434
PNG,1996,0,0,0.20184983
PNG,2000,0,0,0.10711355
PNG,2004,0,0,0.10914639
PNG,2008,0,0,0.1255396
PNG,2012,0,0,0.12543796
PNG,2016,0,0,0.1296071
PNG,2024,0,0,0.11133315
POL,1964,1,1,0.9279865
POL,1968,1,1,0.9279865
POL,1972,1,1,0.9279865
POL,1976,1,1,0.9275072
POL,1988,1,1,0.9241739
POL,1992,1,1,0.9278681
POL,1996,1,1,0.9279865
POL,2000,1,1,0.9279865
POL,2004,1,1,0.9279865
POL,2008,1,1,0.9278681
POL,2012,1,1,0.9279865
POL,2016,1,1,0.9279865
POL,2024,1,1,0.9279865
POR,1964,0,0,0.42370674
POR,1968,0,1,0.5683465
POR,1972,0,1,0.5996554
POR,1976,1,1,0.6000653
POR,1988,1,1,0.874295
POR,1992,0,1,0.83471394
POR,1996,1,1,0.79610044
POR,2000,1,1,0.8944607
POR,2004,1,1,0.9259185
POR,2008,1,1,0.9268836
POR,2012,1,1,0.9257068
POR,2016,1,1,0.9102256
POR,2024,1,1,0.90648365
PRK,1972,1,1,0.60130775
PRK,1976,1,1,0.8978154
PRK,1992,1,1,0.92220813
PRK,1996,1,1,0.89512324
PRK,2000,1,1,0.92406017
PRK,2004,1,1,0.92540085
PRK,2008,1,1,0.9275034
PRK,2012,1,1,0.9260195
PRK,2016,1,1,0.9123974
PRK,2024,1,1,0.8185346
PUR,1964,0,0,0.4282001
PUR,1968,0,1,0.5308441
PUR,1972,0,0,0.41755858
PUR,1976,1,1,0.6960231
PUR,1988,0,0,0.44135052
PUR,1992,1,1,0.65813893
PUR,1996,1,1,0.8188086
PUR,2000,0,1,0.50801903
PUR,2004,0,1,0.5931495
PUR,2008,0,1,0.51538765
PUR,2012,1,1,0.57642263
PUR,2016,1,1,0.87442726
PUR,2024,1,1,0.7270656
QAT,1988,0,0,0.1464356
QAT,1992,1,0,0.36932218
QAT,1996,0,0,0.22514589
QAT,2000,1,0,0.2947182
QAT,2004,0,0,0.3173396
QAT,2008,0,0,0.30089584
QAT,2012,1,0,0.35183603
QAT,2016,1,1,0.8322044
QAT,2024,1,0,0.3195684
ROT,2016,0,0,0.22288413
ROU,1964,1,1,0.9277959
ROU,1968,1,1,0.91474354
ROU,1972,1,1,0.9277931
ROU,1976,1,1,0.9279865
ROU,1988,1,1,0.92376983
ROU,1992,1,1,0.9277931
ROU,1996,1,1,0.9279865
ROU,2000,1,1,0.9279865
ROU,2004,1,1,0.9279865
ROU,2008,1,1,0.9279865
ROU,2012,1,1,0.9155478
ROU,2016,1,1,0.9279865
ROU,2024,1,1,0.9278681
RSA,1992,1,1,0.9058209
RSA,1996,1,1,0.9264651
RSA,2000,1,1,0.9279865
RSA,2004,1,1,0.9279865
RSA,2008,1,1,0.9279865
RSA,2012,1,1,0.9119157
RSA,2016,1,1,0.9279865
RSA,2024,1,1,0.9279865
RUS,1996,1,1,0.84843236
RUS,2000,1,1,0.9279865
RUS,2004,1,1,0.9279865
RUS,2008,1,1,0.9279865
RUS,2012,1,1,0.9279865
RUS,2016,1,1,0.9279865
RWA,1988,0,0,0.12782662
RWA,1992,0,0,0.11826145
RWA,1996,0,0,0.10084505
RWA,2000,0,0,0.10747441
RWA,2004,0,0,0.108477116
RWA,2008,0,0,0.10629631
RWA,2012,0,0,0.11091377
RWA,2016,0,0,0.111492686
RWA,2024,0,0,0.13018115
SAM,1988,0,0,0.14805463
SAM,1992,0,0,0.10688381
SAM,1996,0,0,0.108477116
SAM,2000,0,0,0.108425245
SAM,2004,0,0,0.0992032
SAM,2008,0,0,0.11091377
SAM,2012,0,0,0.12367402
SAM,2016,0,0,0.12816232
SAM,2024,0,0,0.32406607
SCG,1996,1,1,0.7239049
SCG,2000,1,1,0.9204926
SCG,2004,1,1,0.9269079
SEN,1964,0,0,0.16885492
SEN,1968,0,0,0.20405592
SEN,1972,0,0,0.42176273
SEN,1976,0,0,0.40790692
SEN,1988,1,0,0.4425501
SEN,1992,0,0,0.31075135
SEN,1996,0,0,0.16905577
SEN,2000,0,0,0.45800066
SEN,2004,0,0,0.28222296
SEN,2008,0,0,0.26709208
SEN,2012,0,0,0.3872774
SEN,2016,0,0,0.30450577
SEN,2024,0,0,0.22178619
SEY,1992,0,0,0.22893327
SEY,1996,0,0,0.117540896
SEY,2000,0,0,0.1234366
SEY,2004,0,0,0.12513077
SEY,2008,0,0,0.123717666
SEY,2012,0,0,0.10830377
SEY,2016,0,0,0.13066065
SEY,2024,0,0,0.0992032
SGP,1968,0,0,0.13972989
SGP,1972,0,0,0.21517308
SGP,1976,0,0,0.12263542
SGP,1988,0,0,0.25460643
SGP,1992,0,1,0.50468576
SGP,1996,0,1,0.52745944
SGP,2000,0,0,0.32273725
SGP,2004,0,0,0.29203606
SGP,2008,1,1,0.6202599
SGP,2012,1,1,0.6527618
SGP,2016,1,1,0.7634845
SGP,2024,1,1,0.7187835
SKN,1996,0,0,0.16424745
SKN,2000,0,0,0.10133058
SKN,2004,0,0,0.0992032
SKN,2008,0,0,0.11254035
SKN,2012,0,0,0.10729261
SKN,2016,0,0,0.1121795
SKN,2024,0,0,0.0992032
SLE,1968,0,0,0.11058622
SLE,1988,0,0,0.1860545
SLE,1992,0,0,0.18432152
SLE,1996,0,0,0.16880824
SLE,2000,0,0,0.0992032
SLE,2004,0,0,0.10006392
SLE,2008,0,0,0.10035452
SLE,2012,0,0,0.10006392
SLE,2016,0,0,0.10356067
SLE,2024,0,0,0.10482989
SLO,1992,1,1,0.6465246
SLO,1996,1,1,0.815018
SLO,2000,1,1,0.9086771
SLO,2004,1,1,0.9266402
SLO,2008,1,1,0.9272142
SLO,2012,1,1,0.9276952
SLO,2016,1,1,0.92782515
SLO,2024,1,1,0.92763144
SMR,1968,0,0,0.10624753
SMR,1972,0,0,0.109104685
SMR,1976,0,0,0.120682836
SMR,1988,0,0,0.17652957
SMR,1992,0,0,0.21019365
SMR,1996,0,0,0.10830377
SMR,2000,0,0,0.101701714
SMR,2004,0,0,0.10783489
SMR,2008,0,0,0.10727108
SMR,2012,0,0,0.10984611
SMR,2016,0,0,0.10416241
SMR,2024,0,0,0.11135472
SOL,1988,0,0,0.11090295
SOL,1992,0,0,0.099380895
SOL,1996,0,0,0.102615744
SOL,2000,0,0,0.0992032
SOL,2004,0,0,0.10035452
SOL,2008,0,0,0.10035452
SOL,2012,0,0,0.10750384
SOL,2016,0,0,0.10006392
SOL,2024,0,0,0.10006392
SOM,1972,0,0,0.11058622
SOM,1988,0,0,0.10792662
SOM,1996,0,0,0.10171841
SOM,2000,0,0,0.0992032
SOM,2004,0,0,0.10035452
SOM,2008,0,0,0.10035452
SOM,2012,0,0,0.10035452
SOM,2016,0,0,0.10035452
SOM,2024,0,0,0.10094681
SRB,2008,1,1,0.78888273
SRB,2012,1,1,0.90797925
SRB,2016,1,1,0.92764795
SRB,2024,1,1,0.92782515
SRI,1964,0,0,0.11404214
SRI,1968,0,0,0.10522161
SRI,1972,0,0,0.11224702
SRI,1988,0,0,0.12106232
SRI,1992,0,0,0.20930254
SRI,1996,0,0,0.12601925
SRI,2000,1,0,0.32236576
SRI,2004,0,0,0.18158546
SRI,2008,0,0,0.1307413
SRI,2012,0,0,0.13296017
SRI,2016,0,0,0.1308349
SRI,2024,0,0,0.11110341
SSD,2016,0,0,0.10259273
SSD,2024,0,0,0.15706044
STP,1996,0,0,0.10241675
STP,2000,0,0,0.1018153
STP,2004,0,0,0.101327725
STP,2008,0,0,0.10826107
STP,2012,0,0,0.100166485
STP,2016,0,0,0.101327725
STP,2024,0,0,0.10218802
SUD,1968,0,0,0.11783501
SUD,1972,0,0,0.27077848
SUD,1988,0,0,0.13112159
SUD,1992,0,0,0.12106709
SUD,1996,0,0,0.10747621
SUD,2000,0,0,0.10620131
SUD,2004,0,0,0.1154329
SUD,2008,1,0,0.14345442
SUD,2012,0,0,0.2176577
SUD,2016,0,0,0.13305655
SUD,2024,0,0,0.118085355
SUI,1964,1,1,0.9170352
SUI,1968,1,1,0.9247321
SUI,1972,1,1,0.9277931
SUI,1976,1,1,0.90426755
SUI,1988,1,1,0.9279865
SUI,1992,1,1,0.9279865
SUI,1996,1,1,0.9140772
SUI,2000,1,1,0.92785096
SUI,2004,1,1,0.9279865
SUI,2008,1,1,0.9279865
SUI,2012,1,1,0.9279865
SUI,2016,1,1,0.92773247
SUI,2024,1,1,0.9279865
SUR,1968,0,0,0.11189267
SUR,1972,0,0,0.11189267
SUR,1976,0,0,0.12481549
SUR,1988,1,0,0.16904837
SUR,1992,1,0,0.3503322
SUR,1996,0,0,0.29720113
SUR,2000,0,0,0.15674934
SUR,2004,0,0,0.13935001
SUR,2008,0,0,0.12918217
SUR,2012,0,0,0.13362005
SUR,2016,0,0,0.14267246
SUR,2024,0,0,0.1436172
SVK,1996,1,1,0.83544517
SVK,2000,1,1,0.90797925
SVK,2004,1,1,0.92000556
SVK,2008,1,1,0.9275334
SVK,2012,1,1,0.9277623
SVK,2016,1,1,0.9270331
SVK,2024,1,1,0.9069752
SWE,1964,1,1,0.9235993
SWE,1968,1,1,0.9279865
SWE,1972,1,1,0.9278681
SWE,1976,1,1,0.9279865
SWE,1988,1,1,0.91539556
SWE,1992,1,1,0.9279865
SWE,1996,1,1,0.9279865
SWE,2000,1,1,0.9279865
SWE,2004,1,1,0.9279865
SWE,2008,1,1,0.9279865
SWE,2012,1,1,0.9279865
SWE,2016,1,1,0.9279865
SWE,2024,1,1,0.9279865
SWZ,1972,0,0,0.12568912
SWZ,1988,0,0,0.2027784
SWZ,1992,0,0,0.1499857
SWZ,1996,0,0,0.12718323
SWZ,2000,0,0,0.13130313
SWZ,2004,0,0,0.11173355
SWZ,2008,0,0,0.12190204
SWZ,2012,0,0,0.111195676
SWZ,2016,0,0,0.111195676
SWZ,2024,0,0,0.11344733
SYR,1968,0,0,0.11777182
SYR,1972,0,0,0.1347873
SYR,1988,0,0,0.20653456
SYR,1992,0,0,0.15562472
SYR,1996,1,0,0.16783763
SYR,2000,0,0,0.3103733
SYR,2004,1,0,0.15318058
SYR,2008,0,0,0.2832447
SYR,2012,0,0,0.18686281
SYR,2016,0,0,0.16049366
SYR,2024,0,0,0.17967325
TAN,1964,0,0,0.13736926
TAN,1968,0,0,0.13212357
TAN,1972,0,0,0.2317037
TAN,1988,0,0,0.15874699
TAN,1992,0,0,0.14238416
TAN,1996,0,0,0.13230783
TAN,2000,0,0,0.11960732
TAN,2004,0,0,0.1402203
TAN,2008,0,0,0.1389729
TAN,2012,0,0,0.13506505
TAN,2016,0,0,0.1394022
TAN,2024,0,0,0.13924988
TCH,1964,1,1,0.92702985
TCH,1968,1,1,0.9279865
TCH,1972,1,1,0.9279865
TCH,1976,1,1,0.9278681
TCH,1988,1,1,0.9279865
TCH,1992,1,1,0.9279865
TGA,1988,0,0,0.15036742
TGA,1992,0,0,0.13335066
TGA,1996,1,0,0.14088368
TGA,2000,0,0,0.20874207
TGA,2004,0,0,0.15400292
TGA,2008,0,0,0.13129269
TGA,2012,0,0,0.12634811
TGA,2016,0,0,0.1550986
TGA,2024,0,0,0.13395023
THA,1964,0,0,0.42471406
THA,1968,0,0,0.34471488
THA,1972,0,0,0.42335498
THA,1976,1,0,0.4630185
THA,1988,1,0,0.33363286
THA,1992,1,1,0.7478043
THA,1996,1,1,0.7283867
THA,2000,1,1,0.8970349
THA,2004,1,1,0.9203418
THA,2008,1,1,0.9262906
THA,2012,1,1,0.9248895
THA,2016,1,1,0.9266656
THA,2024,1,1,0.926555
TJK,1996,0,0,0.20018041
TJK,2000,0,0,0.123762496
TJK,2004,0,0,0.17870577
TJK,2008,1,0,0.32646874
TJK,2012,1,1,0.57508117
TJK,2016,1,0,0.40059528
TJK,2024,1,1,0.5630023
TKM,1996,0,0,0.16873777
TKM,2000,0,0,0.18255064
TKM,2004,0,0,0.17370726
TKM,2008,0,0,0.17897876
TKM,2012,0,0,0.17701143
TKM,2016,0,0,0.18318425
TKM,2024,0,0,0.14726721
TLS,2004,0,0,0.12266733
TLS,2008,0,0,0.12179805
TLS,2012,0,0,0.124183334
TLS,2016,0,0,0.124183334
TLS,2024,0,0,0.132755
TOG,1972,0,0,0.15589151
TOG,1988,0,0,0.14009327
TOG,1992,0,0,0.14673375
TOG,1996,0,0,0.14132059
TOG,2000,0,0,0.12584111
TOG,2004,0,0,0.12673506
TOG,2008,1,0,0.14338174
TOG,2012,0,0,0.27938914
TOG,2016,0,0,0.16042776
TOG,2024,0,0,0.15752597
TPE,1964,0,1,0.5326588
TPE,1968,1,1,0.6863859
TPE,1972,0,0,0.43216527
TPE,1988,0,1,0.7117205
TPE,1992,1,0,0.47272727
TPE,1996,1,1,0.8562405
TPE,2000,1,1,0.8508334
TPE,2004,1,1,0.92782515
TPE,2008,1,1,0.92782515
TPE,2012,1,1,0.9103053
TPE,2016,1,1,0.9230464
TPE,2024,1,1,0.92782515
TTO,1964,1,0,0.2874686
TTO,1968,0,1,0.5454054
TTO,1972,0,1,0.50745124
TTO,1976,1,1,0.5534341
TTO,1988,0,0,0.29757217
TTO,1992,0,0,0.29500633
TTO,1996,1,0,0.4899913
TTO,2000,1,1,0.7776299
TTO,2004,1,1,0.7841892
TTO,2008,1,1,0.81115663
TTO,2012,1,1,0.90699
TTO,2016,1,1,0.92086136
TTO,2024,0,1,0.66976875
TUN,1964,1,0,0.25744772
TUN,1968,1,0,0.49569473
TUN,1972,1,1,0.8164715
TUN,1976,0,0,0.49415413
TUN,1988,0,1,0.52022994
TUN,1992,0,0,0.3384504
TUN,1996,1,1,0.69106334
TUN,2000,0,1,0.62901247
TUN,2004,0,1,0.6549876
TUN,2008,1,1,0.63919234
TUN,2012,1,1,0.866072
TUN,2016,1,1,0.91452414
TUN,2024,1,1,0.8532811
TUR,1964,1,1,0.8241542
TUR,1968,1,1,0.9051734
TUR,1972,1,1,0.88083434
TUR,1976,0,1,0.64465153
TUR,1988,1,1,0.7730411
TUR,1992,1,1,0.8861034
TUR,1996,1,1,0.924905
TUR,2000,1,1,0.9273085
TUR,2004,1,1,0.9271354
TUR,2008,1,1,0.927523
TUR,2012,1,1,0.9276745
TUR,2016,1,1,0.9279865
TUR,2024,1,1,0.9279865
TUV,2008,0,0,0.12668708
TUV,2012,0,0,0.12589774
TUV,2016,0,0,0.12654963
TUV,2024,0,0,0.12744789
UAE,1988,0,0,0.30107552
UAE,1992,0,0,0.35828957
UAE,1996,0,0,0.13677469
UAE,2000,0,0,0.14710873
UAE,2004,1,0,0.14906578
UAE,2008,0,0,0.31655058
UAE,2012,0,0,0.322582
UAE,2016,1,0,0.32353157
UAE,2024,0,0,0.37438178
UGA,1964,0,0,0.2716839
UGA,1968,1,0,0.25510716
UGA,1972,1,1,0.74787265
UGA,1988,0,1,0.65943086
UGA,1992,0,0,0.2585244
UGA,1996,1,0,0.4207659
UGA,2000,0,0,0.33856496
UGA,2004,0,0,0.2095959
UGA,2008,0,0,0.2421376
UGA,2012,1,0,0.43903902
UGA,2016,0,0,0.46926513
UGA,2024,1,0,0.46616113
UKR,1996,1,1,0.8424088
UKR,2000,1,1,0.9279865
UKR,2004,1,1,0.9279865
UKR,2008,1,1,0.9279865
UKR,2012,1,1,0.9279865
UKR,2016,1,1,0.9279865
UKR,2024,1,1,0.9278681
URS,1964,1,1,0.9279865
URS,1968,1,1,0.9279865
URS,1972,1,1,0.9279865
URS,1976,1,1,0.9279865
URS,1988,1,1,0.9279865
URU,1964,1,0,0.36437368
URU,1968,0,1,0.5447773
URU,1972,0,0,0.27530995
URU,1976,0,0,0.23875812
URU,1988,0,0,0.2737937
URU,1992,0,0,0.30433893
URU,1996,0,0,0.30703884
URU,2000,1,0,0.3235725
URU,2004,0,0,0.35116297
URU,2008,0,0,0.3056945
URU,2012,0,0,0.3774455
URU,2016,0,0,0.35006317
URU,2024,0,0,0.39455825
USA,1964,1,1,0.9279865
USA,1968,1,1,0.9279865
USA,1972,1,1,0.9279865
USA,1976,1,1,0.9279865
USA,1988,1,1,0.9279865
USA,1992,1,1,0.9279865
USA,1996,1,1,0.9279865
USA,2000,1,1,0.9279865
USA,2004,1,1,0.9279865
USA,2008,1,1,0.9279865
USA,2012,1,1,0.9279865
USA,2016,1,1,0.9279865
USA,2024,1,1,0.9279865
UZB,1996,1,1,0.8004116
UZB,2000,1,1,0.887031
UZB,2004,1,1,0.9256384
UZB,2008,1,1,0.927523
UZB,2012,1,1,0.92622656
UZB,2016,1,1,0.9274039
UZB,2024,1,1,0.9279865
VAN,1988,0,0,0.14837345
VAN,1992,0,0,0.16077383
VAN,1996,0,0,0.12796374
VAN,2000,0,0,0.12583655
VAN,2004,0,0,0.12583655
VAN,2008,0,0,0.1261915
VAN,2012,0,0,0.14546907
VAN,2016,0,0,0.13261543
VAN,2024,0,0,0.1553379
VEN,1964,0,0,0.32341677
VEN,1968,1,0,0.41419935
VEN,1972,0,0,0.46581894
VEN,1976,1,1,0.5850143
VEN,1988,0,0,0.33912504
VEN,1992,0,0,0.35007635
VEN,1996,0,1,0.53661835
VEN,2000,0,1,0.7019989
VEN,2004,1,1,0.6551888
VEN,2008,1,1,0.9007388
VEN,2012,1,1,0.84467447
VEN,2016,1,1,0.876729
VEN,2024,0,1,0.85603493
VIE,1988,0,0,0.21671219
VIE,1992,0,0,0.17605928
VIE,1996,0,0,0.14656796
VIE,2000,1,0,0.15747161
VIE,2004,0,0,0.2394859
VIE,2008,1,0,0.4291598
VIE,2012,0,0,0.49681187
VIE,2016,1,1,0.61944485
VIE,2024,0,1,0.5621632
VIN,1988,0,0,0.14837345
VIN,1992,0,0,0.14426398
VIN,1996,0,0,0.18485934
VIN,2000,0,0,0.12796374
VIN,2004,0,0,0.12583655
VIN,2008,0,0,0.12583655
VIN,2012,0,0,0.1261915
VIN,2016,0,0,0.12771754
VIN,2024,0,0,0.12771754
VNM,1964,0,0,0.25180146
VNM,1968,0,0,0.1647926
VNM,1972,0,0,0.12540534
YAR,1988,0,0,0.17633186
YEM,1992,0,0,0.18288851
YEM,1996,0,0,0.12640822
YEM,2000,0,0,0.12530084
YEM,2004,0,0,0.13104044
YEM,2008,0,0,0.17058529
YEM,2012,0,0,0.1416973
YEM,2016,0,0,0.13067387
YEM,2024,0,0,0.1329866
YMD,1988,0,0,0.14191417
YUG,1964,1,1,0.8311078
YUG,1968,1,1,0.9267974
YUG,1972,1,1,0.9277931
YUG,1976,1,1,0.9133728
YUG,1988,1,1,0.9277931
ZAM,1964,0,0,0.24809882
ZAM,1968,0,0,0.1435637
ZAM,1972,0,0,0.23842818
ZAM,1988,0,0,0.30805218
ZAM,1992,0,0,0.1952846
ZAM,1996,1,0,0.17853731
ZAM,2000,0,0,0.24900793
ZAM,2004,0,0,0.16164394
ZAM,2008,0,0,0.17815362
ZAM,2012,0,0,0.15707435
ZAM,2016,0,0,0.16355954
ZAM,2024,1,0,0.4262259
ZIM,1964,0,0,0.299518
ZIM,1988,0,0,0.48556325
ZIM,1992,0,0,0.44460595
ZIM,1996,0,0,0.2708521
ZIM,2000,0,0,0.3596724
ZIM,2004,1,0,0.31124765
ZIM,2008,1,1,0.6214281
ZIM,2012,0,0,0.45446876
ZIM,2016,0,1,0.51215774
ZIM,2024,0,0,0.33023357
