Rank,NOC,Gold,Silver,Bronze,Total,Year
1,URS,44,30,32,106,1960
2,USA,36,21,17,74,1960
3,GER,12,20,13,45,1960
4,ITA,14,10,15,39,1960
5,AUS,8,8,6,22,1960
6,HUN,6,8,7,21,1960
6,POL,4,6,11,21,1960
8,GBR,2,6,12,20,1960
9,JPN,4,7,7,18,1960
10,ROU,3,1,6,10,1960
11,TUR,7,2,0,9,1960
11,TCH,4,2,3,9,1960
11,DEN,2,6,1,9,1960
11,SUI,0,3,6,9,1960
15,BUL,1,3,3,7,1960
16,SWE,1,2,3,6,1960
17,FIN,1,1,3,5,1960
17,FRA,0,2,3,5,1960
19,ARG,0,3,1,4,1960
19,BEL,0,2,2,4,1960
19,IRI,0,1,3,4,1960
22,GRE,3,0,0,3,1960
22,NZL,2,0,1,3,1960
22,NED,0,1,2,3,1960
22,RSA,0,1,2,3,1960
26,NOR,2,0,0,2,1960
26,AUT,1,1,0,2,1960
26,YUG,1,1,0,2,1960
26,PAK,1,0,1,2,1960
26,POR,0,2,0,2,1960
26,UAR,0,1,1,2,1960
26,BRA,0,0,2,2,1960
26,WIF,0,0,2,2,1960
34,ETH,1,0,0,1,1960
34,CAN,0,1,0,1,1960
34,GHA,0,1,0,1,1960
34,IND,0,1,0,1,1960
34,MAR,0,1,0,1,1960
34,SGP,0,1,0,1,1960
34,TPE,0,1,0,1,1960
34,ESP,0,0,1,1,1960
34,IRQ,0,0,1,1,1960
34,MEX,0,0,1,1,1960
34,VEN,0,0,1,1,1960
45,AFG,0,0,0,0,1960
45,AHO,0,0,0,0,1960
45,BAH,0,0,0,0,1960
45,BER,0,0,0,0,1960
45,CHI,0,0,0,0,1960
45,COL,0,0,0,0,1960
45,CUB,0,0,0,0,1960
45,FIJ,0,0,0,0,1960
45,GUY,0,0,0,0,1960
45,HAI,0,0,0,0,1960
45,HKG,0,0,0,0,1960
45,INA,0,0,0,0,1960
45,IRL,0,0,0,0,1960
45,ISL,0,0,0,0,1960
45,ISR,0,0,0,0,1960
45,KEN,0,0,0,0,1960
45,KOR,0,0,0,0,1960
45,LBR,0,0,0,0,1960
45,LIB,0,0,0,0,1960
45,LIE,0,0,0,0,1960
45,LUX,0,0,0,0,1960
45,MAL,0,0,0,0,1960
45,MLT,0,0,0,0,1960
45,MON,0,0,0,0,1960
45,MYA,0,0,0,0,1960
45,NGR,0,0,0,0,1960
45,PAN,0,0,0,0,1960
45,PER,0,0,0,0,1960
45,PHI,0,0,0,0,1960
45,PUR,0,0,0,0,1960
45,RHO,0,0,0,0,1960
45,SMR,0,0,0,0,1960
45,SRI,0,0,0,0,1960
45,SUD,0,0,0,0,1960
45,THA,0,0,0,0,1960
45,TUN,0,0,0,0,1960
45,UGA,0,0,0,0,1960
45,URU,0,0,0,0,1960
45,VNM,0,0,0,0,1960
45,ZIM,0,0,0,0,1960
1,URS,34,32,35,101,1964
2,USA,36,28,33,97,1964
3,GER,10,27,19,56,1964
4,JPN,16,5,8,29,1964
5,ITA,11,10,7,28,1964
6,POL,7,6,10,23,1964
7,HUN,10,7,5,22,1964
8,AUS,8,2,10,20,1964
9,GBR,4,13,2,19,1964
10,TCH,5,6,4,15,1964
10,ROU,2,4,9,15,1964
10,FRA,1,8,6,15,1964
13,SWE,2,4,5,11,1964
14,BUL,3,5,2,10,1964
14,NED,2,4,4,10,1964
16,DEN,4,1,3,8,1964
17,NZL,4,0,2,6,1964
17,TUR,2,3,1,6,1964
19,FIN,3,0,2,5,1964
19,YUG,2,1,2,5,1964
21,CAN,1,2,1,4,1964
21,SUI,1,2,1,4,1964
23,BEL,2,0,1,3,1964
23,KOR,0,2,1,3,1964
23,TTO,0,1,2,3,1964
26,BAH,2,0,0,2,1964
26,TUN,0,1,1,2,1964
26,IRI,0,0,2,2,1964
29,ETH,1,0,0,1,1964
29,IND,1,0,0,1,1964
29,ARG,0,1,0,1,1964
29,CUB,0,1,0,1,1964
29,PAK,0,1,0,1,1964
29,PHI,0,1,0,1,1964
29,BRA,0,0,1,1,1964
29,GHA,0,0,1,1,1964
29,IRL,0,0,1,1,1964
29,KEN,0,0,1,1,1964
29,MEX,0,0,1,1,1964
29,NGR,0,0,1,1,1964
29,URU,0,0,1,1,1964
42,AFG,0,0,0,0,1964
42,AHO,0,0,0,0,1964
42,ALG,0,0,0,0,1964
42,AUT,0,0,0,0,1964
42,BER,0,0,0,0,1964
42,BOL,0,0,0,0,1964
42,CAM,0,0,0,0,1964
42,CGO,0,0,0,0,1964
42,CHA,0,0,0,0,1964
42,CHI,0,0,0,0,1964
42,CIV,0,0,0,0,1964
42,CMR,0,0,0,0,1964
42,COL,0,0,0,0,1964
42,CRC,0,0,0,0,1964
42,DOM,0,0,0,0,1964
42,EGY,0,0,0,0,1964
42,ESP,0,0,0,0,1964
42,GRE,0,0,0,0,1964
42,GUY,0,0,0,0,1964
42,HKG,0,0,0,0,1964
42,IRQ,0,0,0,0,1964
42,ISL,0,0,0,0,1964
42,ISR,0,0,0,0,1964
42,JAM,0,0,0,0,1964
42,LBR,0,0,0,0,1964
42,LIB,0,0,0,0,1964
42,LIE,0,0,0,0,1964
42,LUX,0,0,0,0,1964
42,MAD,0,0,0,0,1964
42,MAR,0,0,0,0,1964
42,MAS,0,0,0,0,1964
42,MGL,0,0,0,0,1964
42,MLI,0,0,0,0,1964
42,MON,0,0,0,0,1964
42,MYA,0,0,0,0,1964
42,NEP,0,0,0,0,1964
42,NIG,0,0,0,0,1964
42,NOR,0,0,0,0,1964
42,PAN,0,0,0,0,1964
42,PER,0,0,0,0,1964
42,POR,0,0,0,0,1964
42,PUR,0,0,0,0,1964
42,SEN,0,0,0,0,1964
42,SRI,0,0,0,0,1964
42,TAN,0,0,0,0,1964
42,THA,0,0,0,0,1964
42,TPE,0,0,0,0,1964
42,UGA,0,0,0,0,1964
42,VEN,0,0,0,0,1964
42,VNM,0,0,0,0,1964
42,ZAM,0,0,0,0,1964
42,ZIM,0,0,0,0,1964
1,USA,48,28,35,111,1968
2,URS,30,32,30,92,1968
3,GER,14,21,19,54,1968
4,HUN,10,10,15,35,1968
5,JPN,11,7,7,25,1968
6,POL,5,2,11,18,1968
6,ROU,4,9,5,18,1968
8,AUS,5,7,5,17,1968
8,ITA,3,4,10,17,1968
10,FRA,8,3,5,16,1968
10,GBR,6,5,5,16,1968
12,TCH,7,2,4,13,1968
13,DEN,1,6,3,10,1968
14,NED,3,5,1,9,1968
14,KEN,3,4,2,9,1968
14,MEX,3,3,3,9,1968
14,BUL,2,4,3,9,1968
18,YUG,3,3,2,8,1968
19,SUI,0,3,4,7,1968
20,NOR,4,2,0,6,1968
20,SWE,4,1,1,6,1968
22,IRI,2,1,2,5,1968
22,CAN,1,3,1,5,1968
24,FIN,1,2,1,4,1968
24,CUB,0,4,0,4,1968
24,AUT,0,2,2,4,1968
24,BRA,0,1,3,4,1968
24,MGL,0,1,3,4,1968
29,NZL,1,0,2,3,1968
29,BEL,0,1,2,3,1968
31,TUR,2,0,0,2,1968
31,ETH,1,1,0,2,1968
31,TUN,1,0,1,2,1968
31,KOR,0,1,1,2,1968
31,UGA,0,1,1,2,1968
31,ARG,0,0,2,2,1968
37,PAK,1,0,0,1,1968
37,VEN,1,0,0,1,1968
37,CMR,0,1,0,1,1968
37,JAM,0,1,0,1,1968
37,GRE,0,0,1,1,1968
37,IND,0,0,1,1,1968
37,TPE,0,0,1,1,1968
44,AFG,0,0,0,0,1968
44,AHO,0,0,0,0,1968
44,ALG,0,0,0,0,1968
44,BAH,0,0,0,0,1968
44,BAR,0,0,0,0,1968
44,BER,0,0,0,0,1968
44,BIZ,0,0,0,0,1968
44,BOL,0,0,0,0,1968
44,CAF,0,0,0,0,1968
44,CHA,0,0,0,0,1968
44,CHI,0,0,0,0,1968
44,CIV,0,0,0,0,1968
44,COD,0,0,0,0,1968
44,COL,0,0,0,0,1968
44,CRC,0,0,0,0,1968
44,DOM,0,0,0,0,1968
44,ECU,0,0,0,0,1968
44,EGY,0,0,0,0,1968
44,ESA,0,0,0,0,1968
44,ESP,0,0,0,0,1968
44,FIJ,0,0,0,0,1968
44,GHA,0,0,0,0,1968
44,GUA,0,0,0,0,1968
44,GUI,0,0,0,0,1968
44,GUY,0,0,0,0,1968
44,HKG,0,0,0,0,1968
44,HON,0,0,0,0,1968
44,INA,0,0,0,0,1968
44,IRL,0,0,0,0,1968
44,IRQ,0,0,0,0,1968
44,ISL,0,0,0,0,1968
44,ISR,0,0,0,0,1968
44,ISV,0,0,0,0,1968
44,KUW,0,0,0,0,1968
44,LBA,0,0,0,0,1968
44,LIB,0,0,0,0,1968
44,LIE,0,0,0,0,1968
44,LUX,0,0,0,0,1968
44,MAD,0,0,0,0,1968
44,MAR,0,0,0,0,1968
44,MAS,0,0,0,0,1968
44,MLI,0,0,0,0,1968
44,MLT,0,0,0,0,1968
44,MON,0,0,0,0,1968
44,MYA,0,0,0,0,1968
44,NCA,0,0,0,0,1968
44,NGR,0,0,0,0,1968
44,NIG,0,0,0,0,1968
44,PAN,0,0,0,0,1968
44,PAR,0,0,0,0,1968
44,PER,0,0,0,0,1968
44,PHI,0,0,0,0,1968
44,POR,0,0,0,0,1968
44,PUR,0,0,0,0,1968
44,SEN,0,0,0,0,1968
44,SGP,0,0,0,0,1968
44,SLE,0,0,0,0,1968
44,SMR,0,0,0,0,1968
44,SRI,0,0,0,0,1968
44,SUD,0,0,0,0,1968
44,SUR,0,0,0,0,1968
44,SYR,0,0,0,0,1968
44,TAN,0,0,0,0,1968
44,THA,0,0,0,0,1968
44,TTO,0,0,0,0,1968
44,URU,0,0,0,0,1968
44,VNM,0,0,0,0,1968
44,ZAM,0,0,0,0,1968
1,GER,33,37,42,112,1972
2,URS,56,27,22,105,1972
3,USA,35,31,33,99,1972
4,HUN,6,13,16,35,1972
5,JPN,13,8,8,29,1972
6,POL,7,5,10,22,1972
7,BUL,6,10,5,21,1972
8,AUS,11,7,2,20,1972
8,GBR,5,6,9,20,1972
8,SWE,4,10,6,20,1972
11,ROU,3,9,7,19,1972
12,ITA,5,3,10,18,1972
13,FRA,2,5,7,14,1972
14,KEN,2,3,4,9,1972
15,CUB,3,1,4,8,1972
15,FIN,3,1,4,8,1972
15,TCH,2,4,2,8,1972
15,NOR,2,2,4,8,1972
19,CAN,0,2,5,7,1972
20,NED,3,1,1,5,1972
20,YUG,2,1,2,5,1972
20,PRK,1,1,3,5,1972
23,NZL,1,1,1,3,1972
23,SUI,0,3,0,3,1972
23,IRI,0,2,1,3,1972
23,AUT,0,1,2,3,1972
23,COL,0,1,2,3,1972
28,UGA,1,1,0,2,1972
28,BEL,0,2,0,2,1972
28,GRE,0,2,0,2,1972
28,BRA,0,0,2,2,1972
28,ETH,0,0,2,2,1972
33,DEN,1,0,0,1,1972
33,ARG,0,1,0,1,1972
33,KOR,0,1,0,1,1972
33,LIB,0,1,0,1,1972
33,MEX,0,1,0,1,1972
33,MGL,0,1,0,1,1972
33,PAK,0,1,0,1,1972
33,TUN,0,1,0,1,1972
33,TUR,0,1,0,1,1972
33,ESP,0,0,1,1,1972
33,GHA,0,0,1,1,1972
33,IND,0,0,1,1,1972
33,JAM,0,0,1,1,1972
33,NGR,0,0,1,1,1972
33,NIG,0,0,1,1,1972
48,AFG,0,0,0,0,1972
48,AHO,0,0,0,0,1972
48,ALB,0,0,0,0,1972
48,ALG,0,0,0,0,1972
48,BAH,0,0,0,0,1972
48,BAR,0,0,0,0,1972
48,BEN,0,0,0,0,1972
48,BER,0,0,0,0,1972
48,BIZ,0,0,0,0,1972
48,BOL,0,0,0,0,1972
48,BUR,0,0,0,0,1972
48,CAM,0,0,0,0,1972
48,CGO,0,0,0,0,1972
48,CHA,0,0,0,0,1972
48,CHI,0,0,0,0,1972
48,CIV,0,0,0,0,1972
48,CMR,0,0,0,0,1972
48,CRC,0,0,0,0,1972
48,DOM,0,0,0,0,1972
48,ECU,0,0,0,0,1972
48,EGY,0,0,0,0,1972
48,ESA,0,0,0,0,1972
48,FIJ,0,0,0,0,1972
48,GAB,0,0,0,0,1972
48,GUA,0,0,0,0,1972
48,GUY,0,0,0,0,1972
48,HAI,0,0,0,0,1972
48,HKG,0,0,0,0,1972
48,INA,0,0,0,0,1972
48,IRL,0,0,0,0,1972
48,ISL,0,0,0,0,1972
48,ISR,0,0,0,0,1972
48,ISV,0,0,0,0,1972
48,KSA,0,0,0,0,1972
48,KUW,0,0,0,0,1972
48,LBR,0,0,0,0,1972
48,LES,0,0,0,0,1972
48,LIE,0,0,0,0,1972
48,LUX,0,0,0,0,1972
48,MAD,0,0,0,0,1972
48,MAR,0,0,0,0,1972
48,MAS,0,0,0,0,1972
48,MAW,0,0,0,0,1972
48,MLI,0,0,0,0,1972
48,MLT,0,0,0,0,1972
48,MON,0,0,0,0,1972
48,MYA,0,0,0,0,1972
48,NCA,0,0,0,0,1972
48,NEP,0,0,0,0,1972
48,PAN,0,0,0,0,1972
48,PAR,0,0,0,0,1972
48,PER,0,0,0,0,1972
48,PHI,0,0,0,0,1972
48,POR,0,0,0,0,1972
48,PUR,0,0,0,0,1972
48,SEN,0,0,0,0,1972
48,SGP,0,0,0,0,1972
48,SMR,0,0,0,0,1972
48,SOM,0,0,0,0,1972
48,SRI,0,0,0,0,1972
48,SUD,0,0,0,0,1972
48,SUR,0,0,0,0,1972
48,SWZ,0,0,0,0,1972
48,SYR,0,0,0,0,1972
48,TAN,0,0,0,0,1972
48,THA,0,0,0,0,1972
48,TOG,0,0,0,0,1972
48,TPE,0,0,0,0,1972
48,TTO,0,0,0,0,1972
48,URU,0,0,0,0,1972
48,VEN,0,0,0,0,1972
48,VNM,0,0,0,0,1972
48,ZAM,0,0,0,0,1972
1,GER,52,38,49,139,1976
2,URS,52,42,36,130,1976
3,USA,34,38,26,98,1976
4,ROU,4,9,14,27,1976
5,POL,7,6,13,26,1976
6,JPN,9,6,10,25,1976
7,BUL,7,9,7,23,1976
8,HUN,4,5,13,22,1976
9,GBR,4,7,5,16,1976
10,CUB,6,4,3,13,1976
10,ITA,2,7,4,13,1976
12,CAN,0,5,6,11,1976
13,FRA,2,3,4,9,1976
14,YUG,2,3,3,8,1976
14,TCH,2,2,4,8,1976
16,SWE,5,1,0,6,1976
16,FIN,4,2,0,6,1976
16,KOR,1,1,4,6,1976
16,ESP,0,6,0,6,1976
16,BEL,0,3,3,6,1976
16,AUS,0,1,5,6,1976
22,DEN,3,0,2,5,1976
22,NED,0,2,3,5,1976
24,NZL,2,1,1,4,1976
24,SUI,1,1,2,4,1976
26,NOR,2,1,0,3,1976
26,BRA,0,0,3,3,1976
28,JAM,1,1,0,2,1976
28,PRK,1,1,0,2,1976
28,MEX,1,0,1,2,1976
28,POR,0,2,0,2,1976
28,IRI,0,1,1,2,1976
33,TTO,1,0,0,1,1976
33,MGL,0,1,0,1,1976
33,VEN,0,1,0,1,1976
33,AUT,0,0,1,1,1976
33,BER,0,0,1,1,1976
33,PAK,0,0,1,1,1976
33,PUR,0,0,1,1,1976
33,THA,0,0,1,1,1976
41,AHO,0,0,0,0,1976
41,AND,0,0,0,0,1976
41,ANT,0,0,0,0,1976
41,ARG,0,0,0,0,1976
41,BAH,0,0,0,0,1976
41,BAR,0,0,0,0,1976
41,BIZ,0,0,0,0,1976
41,BOL,0,0,0,0,1976
41,CAY,0,0,0,0,1976
41,CHI,0,0,0,0,1976
41,CIV,0,0,0,0,1976
41,CMR,0,0,0,0,1976
41,COL,0,0,0,0,1976
41,CRC,0,0,0,0,1976
41,DOM,0,0,0,0,1976
41,ECU,0,0,0,0,1976
41,EGY,0,0,0,0,1976
41,FIJ,0,0,0,0,1976
41,GRE,0,0,0,0,1976
41,GUA,0,0,0,0,1976
41,HAI,0,0,0,0,1976
41,HKG,0,0,0,0,1976
41,HON,0,0,0,0,1976
41,INA,0,0,0,0,1976
41,IND,0,0,0,0,1976
41,IRL,0,0,0,0,1976
41,ISL,0,0,0,0,1976
41,ISR,0,0,0,0,1976
41,ISV,0,0,0,0,1976
41,KSA,0,0,0,0,1976
41,KUW,0,0,0,0,1976
41,LIB,0,0,0,0,1976
41,LIE,0,0,0,0,1976
41,LUX,0,0,0,0,1976
41,MAR,0,0,0,0,1976
41,MAS,0,0,0,0,1976
41,MON,0,0,0,0,1976
41,NCA,0,0,0,0,1976
41,NEP,0,0,0,0,1976
41,PAN,0,0,0,0,1976
41,PAR,0,0,0,0,1976
41,PER,0,0,0,0,1976
41,PHI,0,0,0,0,1976
41,PNG,0,0,0,0,1976
41,SEN,0,0,0,0,1976
41,SGP,0,0,0,0,1976
41,SMR,0,0,0,0,1976
41,SUR,0,0,0,0,1976
41,TUN,0,0,0,0,1976
41,TUR,0,0,0,0,1976
41,URU,0,0,0,0,1976
1,GER,54,49,48,151,1988
2,URS,55,35,48,138,1988
3,USA,37,35,28,100,1988
4,BUL,10,12,17,39,1988
5,KOR,12,10,11,33,1988
6,HUN,14,9,6,29,1988
7,CHN,5,11,12,28,1988
8,ROU,7,13,6,26,1988
9,GBR,6,10,9,25,1988
10,FRA,8,4,6,18,1988
11,POL,2,5,9,16,1988
12,JPN,4,3,8,15,1988
13,ITA,6,4,4,14,1988
13,AUS,3,6,5,14,1988
13,NZL,3,3,8,14,1988
16,CAN,4,2,6,12,1988
16,YUG,3,4,5,12,1988
16,SWE,0,5,7,12,1988
19,NED,3,2,5,10,1988
20,KEN,5,2,2,9,1988
21,TCH,3,3,2,8,1988
21,BRA,1,2,5,8,1988
23,DEN,3,1,3,7,1988
24,NOR,2,4,0,6,1988
25,SUI,0,3,2,5,1988
26,ESP,1,1,2,4,1988
26,FIN,1,1,2,4,1988
28,MAR,1,0,2,3,1988
29,TUR,1,1,0,2,1988
29,JAM,0,2,0,2,1988
29,ARG,0,1,1,2,1988
29,BEL,0,0,2,2,1988
29,MEX,0,0,2,2,1988
34,AUT,1,0,0,1,1988
34,POR,1,0,0,1,1988
34,SUR,1,0,0,1,1988
34,AHO,0,1,0,1,1988
34,CHI,0,1,0,1,1988
34,CRC,0,1,0,1,1988
34,INA,0,1,0,1,1988
34,IRI,0,1,0,1,1988
34,ISV,0,1,0,1,1988
34,PER,0,1,0,1,1988
34,SEN,0,1,0,1,1988
34,COL,0,0,1,1,1988
34,DJI,0,0,1,1,1988
34,GRE,0,0,1,1,1988
34,MGL,0,0,1,1,1988
34,PAK,0,0,1,1,1988
34,PHI,0,0,1,1,1988
34,THA,0,0,1,1,1988
52,AFG,0,0,0,0,1988
52,ALG,0,0,0,0,1988
52,AND,0,0,0,0,1988
52,ANG,0,0,0,0,1988
52,ANT,0,0,0,0,1988
52,ARU,0,0,0,0,1988
52,ASA,0,0,0,0,1988
52,BAH,0,0,0,0,1988
52,BAN,0,0,0,0,1988
52,BAR,0,0,0,0,1988
52,BEN,0,0,0,0,1988
52,BER,0,0,0,0,1988
52,BHU,0,0,0,0,1988
52,BIZ,0,0,0,0,1988
52,BOL,0,0,0,0,1988
52,BOT,0,0,0,0,1988
52,BRN,0,0,0,0,1988
52,BUR,0,0,0,0,1988
52,CAF,0,0,0,0,1988
52,CAY,0,0,0,0,1988
52,CGO,0,0,0,0,1988
52,CHA,0,0,0,0,1988
52,CIV,0,0,0,0,1988
52,CMR,0,0,0,0,1988
52,COD,0,0,0,0,1988
52,COK,0,0,0,0,1988
52,CYP,0,0,0,0,1988
52,DOM,0,0,0,0,1988
52,ECU,0,0,0,0,1988
52,EGY,0,0,0,0,1988
52,ESA,0,0,0,0,1988
52,FIJ,0,0,0,0,1988
52,GAB,0,0,0,0,1988
52,GAM,0,0,0,0,1988
52,GEQ,0,0,0,0,1988
52,GHA,0,0,0,0,1988
52,GRN,0,0,0,0,1988
52,GUA,0,0,0,0,1988
52,GUI,0,0,0,0,1988
52,GUM,0,0,0,0,1988
52,GUY,0,0,0,0,1988
52,HAI,0,0,0,0,1988
52,HKG,0,0,0,0,1988
52,HON,0,0,0,0,1988
52,IND,0,0,0,0,1988
52,IRL,0,0,0,0,1988
52,IRQ,0,0,0,0,1988
52,ISL,0,0,0,0,1988
52,ISR,0,0,0,0,1988
52,IVB,0,0,0,0,1988
52,JOR,0,0,0,0,1988
52,KSA,0,0,0,0,1988
52,KUW,0,0,0,0,1988
52,LAO,0,0,0,0,1988
52,LBA,0,0,0,0,1988
52,LBR,0,0,0,0,1988
52,LES,0,0,0,0,1988
52,LIB,0,0,0,0,1988
52,LIE,0,0,0,0,1988
52,LUX,0,0,0,0,1988
52,MAS,0,0,0,0,1988
52,MAW,0,0,0,0,1988
52,MDV,0,0,0,0,1988
52,MLI,0,0,0,0,1988
52,MLT,0,0,0,0,1988
52,MON,0,0,0,0,1988
52,MOZ,0,0,0,0,1988
52,MRI,0,0,0,0,1988
52,MTN,0,0,0,0,1988
52,MYA,0,0,0,0,1988
52,NEP,0,0,0,0,1988
52,NGR,0,0,0,0,1988
52,NIG,0,0,0,0,1988
52,OMA,0,0,0,0,1988
52,PAN,0,0,0,0,1988
52,PAR,0,0,0,0,1988
52,PNG,0,0,0,0,1988
52,PUR,0,0,0,0,1988
52,QAT,0,0,0,0,1988
52,RWA,0,0,0,0,1988
52,SAM,0,0,0,0,1988
52,SGP,0,0,0,0,1988
52,SLE,0,0,0,0,1988
52,SMR,0,0,0,0,1988
52,SOL,0,0,0,0,1988
52,SOM,0,0,0,0,1988
52,SRI,0,0,0,0,1988
52,SUD,0,0,0,0,1988
52,SWZ,0,0,0,0,1988
52,SYR,0,0,0,0,1988
52,TAN,0,0,0,0,1988
52,TGA,0,0,0,0,1988
52,TOG,0,0,0,0,1988
52,TPE,0,0,0,0,1988
52,TTO,0,0,0,0,1988
52,TUN,0,0,0,0,1988
52,UAE,0,0,0,0,1988
52,UGA,0,0,0,0,1988
52,URU,0,0,0,0,1988
52,VAN,0,0,0,0,1988
52,VEN,0,0,0,0,1988
52,VIE,0,0,0,0,1988
52,VIN,0,0,0,0,1988
52,YAR,0,0,0,0,1988
52,YMD,0,0,0,0,1988
52,ZAM,0,0,0,0,1988
52,ZIM,0,0,0,0,1988
1,USA,39,39,38,116,1992
2,EUN,45,38,29,112,1992
3,GER,37,24,28,89,1992
4,CHN,16,22,17,55,1992
5,HUN,14,15,7,36,1992
6,AUS,8,9,15,32,1992
7,CUB,14,6,11,31,1992
8,FRA,9,5,16,30,1992
9,KOR,12,5,11,28,1992
10,ESP,16,7,2,25,1992
11,JPN,3,8,12,23,1992
12,GBR,5,3,14,22,1992
13,CAN,7,5,8,20,1992
14,ITA,6,5,8,19,1992
14,ROU,4,7,8,19,1992
14,POL,3,6,10,19,1992
17,BUL,3,7,6,16,1992
17,NED,2,6,8,16,1992
19,SWE,1,7,7,15,1992
20,NZL,1,6,5,12,1992
21,PRK,4,0,5,9,1992
21,DEN,3,1,5,9,1992
23,KEN,2,4,2,8,1992
24,TCH,4,2,1,7,1992
24,NOR,2,4,1,7,1992
26,TUR,2,2,2,6,1992
27,INA,2,2,1,5,1992
27,FIN,1,2,2,5,1992
29,JAM,0,3,1,4,1992
29,NGR,0,3,1,4,1992
31,BRA,2,1,0,3,1992
31,MAR,1,1,1,3,1992
31,EST,1,0,2,3,1992
31,ETH,1,0,2,3,1992
31,AUT,0,3,0,3,1992
31,LAT,0,2,1,3,1992
31,BEL,0,1,2,3,1992
31,CRO,0,1,2,3,1992
31,IOA,0,1,2,3,1992
31,IRI,0,1,2,3,1992
41,GRE,2,0,0,2,1992
41,IRL,1,1,0,2,1992
41,ALG,1,0,1,2,1992
41,LTU,1,0,1,2,1992
41,NAM,0,2,0,2,1992
41,RSA,0,2,0,2,1992
41,ISR,0,1,1,2,1992
41,MGL,0,0,2,2,1992
41,SLO,0,0,2,2,1992
50,SUI,1,0,0,1,1992
50,MEX,0,1,0,1,1992
50,PER,0,1,0,1,1992
50,TPE,0,1,0,1,1992
50,ARG,0,0,1,1,1992
50,BAH,0,0,1,1,1992
50,COL,0,0,1,1,1992
50,GHA,0,0,1,1,1992
50,MAS,0,0,1,1,1992
50,PAK,0,0,1,1,1992
50,PHI,0,0,1,1,1992
50,PUR,0,0,1,1,1992
50,QAT,0,0,1,1,1992
50,SUR,0,0,1,1,1992
50,THA,0,0,1,1,1992
65,AHO,0,0,0,0,1992
65,ALB,0,0,0,0,1992
65,AND,0,0,0,0,1992
65,ANG,0,0,0,0,1992
65,ANT,0,0,0,0,1992
65,ARU,0,0,0,0,1992
65,ASA,0,0,0,0,1992
65,BAN,0,0,0,0,1992
65,BAR,0,0,0,0,1992
65,BEN,0,0,0,0,1992
65,BER,0,0,0,0,1992
65,BHU,0,0,0,0,1992
65,BIH,0,0,0,0,1992
65,BIZ,0,0,0,0,1992
65,BOL,0,0,0,0,1992
65,BOT,0,0,0,0,1992
65,BRN,0,0,0,0,1992
65,BUR,0,0,0,0,1992
65,CAF,0,0,0,0,1992
65,CAY,0,0,0,0,1992
65,CGO,0,0,0,0,1992
65,CHA,0,0,0,0,1992
65,CHI,0,0,0,0,1992
65,CIV,0,0,0,0,1992
65,CMR,0,0,0,0,1992
65,COD,0,0,0,0,1992
65,COK,0,0,0,0,1992
65,CRC,0,0,0,0,1992
65,CYP,0,0,0,0,1992
65,DJI,0,0,0,0,1992
65,DOM,0,0,0,0,1992
65,ECU,0,0,0,0,1992
65,EGY,0,0,0,0,1992
65,ESA,0,0,0,0,1992
65,FIJ,0,0,0,0,1992
65,GAB,0,0,0,0,1992
65,GAM,0,0,0,0,1992
65,GEQ,0,0,0,0,1992
65,GRN,0,0,0,0,1992
65,GUA,0,0,0,0,1992
65,GUI,0,0,0,0,1992
65,GUM,0,0,0,0,1992
65,GUY,0,0,0,0,1992
65,HAI,0,0,0,0,1992
65,HKG,0,0,0,0,1992
65,HON,0,0,0,0,1992
65,IND,0,0,0,0,1992
65,IRQ,0,0,0,0,1992
65,ISL,0,0,0,0,1992
65,ISV,0,0,0,0,1992
65,IVB,0,0,0,0,1992
65,JOR,0,0,0,0,1992
65,KSA,0,0,0,0,1992
65,KUW,0,0,0,0,1992
65,LAO,0,0,0,0,1992
65,LBA,0,0,0,0,1992
65,LES,0,0,0,0,1992
65,LIB,0,0,0,0,1992
65,LIE,0,0,0,0,1992
65,LUX,0,0,0,0,1992
65,MAD,0,0,0,0,1992
65,MAW,0,0,0,0,1992
65,MDV,0,0,0,0,1992
65,MLI,0,0,0,0,1992
65,MLT,0,0,0,0,1992
65,MON,0,0,0,0,1992
65,MOZ,0,0,0,0,1992
65,MRI,0,0,0,0,1992
65,MTN,0,0,0,0,1992
65,MYA,0,0,0,0,1992
65,NCA,0,0,0,0,1992
65,NEP,0,0,0,0,1992
65,NIG,0,0,0,0,1992
65,OMA,0,0,0,0,1992
65,PAN,0,0,0,0,1992
65,PAR,0,0,0,0,1992
65,PNG,0,0,0,0,1992
65,POR,0,0,0,0,1992
65,RWA,0,0,0,0,1992
65,SAM,0,0,0,0,1992
65,SEN,0,0,0,0,1992
65,SEY,0,0,0,0,1992
65,SGP,0,0,0,0,1992
65,SLE,0,0,0,0,1992
65,SMR,0,0,0,0,1992
65,SOL,0,0,0,0,1992
65,SRI,0,0,0,0,1992
65,SUD,0,0,0,0,1992
65,SWZ,0,0,0,0,1992
65,SYR,0,0,0,0,1992
65,TAN,0,0,0,0,1992
65,TGA,0,0,0,0,1992
65,TOG,0,0,0,0,1992
65,TTO,0,0,0,0,1992
65,TUN,0,0,0,0,1992
65,UAE,0,0,0,0,1992
65,UGA,0,0,0,0,1992
65,URU,0,0,0,0,1992
65,VAN,0,0,0,0,1992
65,VEN,0,0,0,0,1992
65,VIE,0,0,0,0,1992
65,VIN,0,0,0,0,1992
65,YEM,0,0,0,0,1992
65,ZAM,0,0,0,0,1992
65,ZIM,0,0,0,0,1992
1,USA,44,33,27,104,1996
2,GER,28,18,27,73,1996
2,RUS,26,23,24,73,1996
4,CHN,16,23,12,51,1996
5,AUS,9,10,26,45,1996
6,FRA,15,7,16,38,1996
7,ITA,14,10,12,36,1996
8,KOR,7,15,5,27,1996
9,UKR,10,2,13,25,1996
9,CUB,9,8,8,25,1996
11,ESP,12,6,6,24,1996
11,HUN,7,7,10,24,1996
13,CAN,4,11,8,23,1996
14,ROU,5,7,9,21,1996
14,NED,4,6,11,21,1996
16,BUL,3,12,5,20,1996
17,POL,7,5,5,17,1996
17,BRA,4,3,10,17,1996
19,GBR,1,9,6,16,1996
20,JPN,3,7,5,15,1996
20,BLR,1,6,8,15,1996
22,SWE,2,5,5,12,1996
23,SUI,5,6,0,11,1996
23,CZE,4,3,4,11,1996
23,KAZ,3,4,4,11,1996
26,GRE,4,4,0,8,1996
26,NOR,2,3,3,8,1996
26,KEN,1,4,3,8,1996
29,DEN,4,1,1,6,1996
29,TUR,4,1,1,6,1996
29,NZL,3,2,1,6,1996
29,BEL,2,2,2,6,1996
29,NGR,2,1,3,6,1996
29,JAM,1,3,2,6,1996
35,RSA,3,1,1,5,1996
35,PRK,2,1,2,5,1996
37,IRL,3,0,1,4,1996
37,FIN,1,2,1,4,1996
37,INA,1,1,2,4,1996
37,SCG,1,1,2,4,1996
41,ALG,2,0,1,3,1996
41,ETH,2,0,1,3,1996
41,IRI,1,1,1,3,1996
41,SVK,1,1,1,3,1996
41,POR,1,0,2,3,1996
41,ARG,0,2,1,3,1996
41,AUT,0,1,2,3,1996
48,ARM,1,1,0,2,1996
48,CRO,1,1,0,2,1996
48,THA,1,0,1,2,1996
48,NAM,0,2,0,2,1996
48,SLO,0,2,0,2,1996
48,MAS,0,1,1,2,1996
48,MDA,0,1,1,2,1996
48,UZB,0,1,1,2,1996
48,GEO,0,0,2,2,1996
48,MAR,0,0,2,2,1996
48,TTO,0,0,2,2,1996
59,BDI,1,0,0,1,1996
59,CRC,1,0,0,1,1996
59,ECU,1,0,0,1,1996
59,HKG,1,0,0,1,1996
59,SYR,1,0,0,1,1996
59,AZE,0,1,0,1,1996
59,BAH,0,1,0,1,1996
59,LAT,0,1,0,1,1996
59,PHI,0,1,0,1,1996
59,TGA,0,1,0,1,1996
59,TPE,0,1,0,1,1996
59,ZAM,0,1,0,1,1996
59,IND,0,0,1,1,1996
59,ISR,0,0,1,1,1996
59,LTU,0,0,1,1,1996
59,MEX,0,0,1,1,1996
59,MGL,0,0,1,1,1996
59,MOZ,0,0,1,1,1996
59,PUR,0,0,1,1,1996
59,TUN,0,0,1,1,1996
59,UGA,0,0,1,1,1996
80,AFG,0,0,0,0,1996
80,AHO,0,0,0,0,1996
80,ALB,0,0,0,0,1996
80,AND,0,0,0,0,1996
80,ANG,0,0,0,0,1996
80,ANT,0,0,0,0,1996
80,ARU,0,0,0,0,1996
80,ASA,0,0,0,0,1996
80,BAN,0,0,0,0,1996
80,BAR,0,0,0,0,1996
80,BEN,0,0,0,0,1996
80,BER,0,0,0,0,1996
80,BHU,0,0,0,0,1996
80,BIH,0,0,0,0,1996
80,BIZ,0,0,0,0,1996
80,BOL,0,0,0,0,1996
80,BOT,0,0,0,0,1996
80,BRN,0,0,0,0,1996
80,BRU,0,0,0,0,1996
80,BUR,0,0,0,0,1996
80,CAF,0,0,0,0,1996
80,CAM,0,0,0,0,1996
80,CAY,0,0,0,0,1996
80,CGO,0,0,0,0,1996
80,CHA,0,0,0,0,1996
80,CHI,0,0,0,0,1996
80,CIV,0,0,0,0,1996
80,CMR,0,0,0,0,1996
80,COD,0,0,0,0,1996
80,COK,0,0,0,0,1996
80,COL,0,0,0,0,1996
80,COM,0,0,0,0,1996
80,CPV,0,0,0,0,1996
80,CYP,0,0,0,0,1996
80,DJI,0,0,0,0,1996
80,DMA,0,0,0,0,1996
80,DOM,0,0,0,0,1996
80,EGY,0,0,0,0,1996
80,ESA,0,0,0,0,1996
80,EST,0,0,0,0,1996
80,FIJ,0,0,0,0,1996
80,GAB,0,0,0,0,1996
80,GAM,0,0,0,0,1996
80,GBS,0,0,0,0,1996
80,GEQ,0,0,0,0,1996
80,GHA,0,0,0,0,1996
80,GRN,0,0,0,0,1996
80,GUA,0,0,0,0,1996
80,GUI,0,0,0,0,1996
80,GUM,0,0,0,0,1996
80,GUY,0,0,0,0,1996
80,HAI,0,0,0,0,1996
80,HON,0,0,0,0,1996
80,IRQ,0,0,0,0,1996
80,ISL,0,0,0,0,1996
80,ISV,0,0,0,0,1996
80,IVB,0,0,0,0,1996
80,JOR,0,0,0,0,1996
80,KGZ,0,0,0,0,1996
80,KSA,0,0,0,0,1996
80,KUW,0,0,0,0,1996
80,LAO,0,0,0,0,1996
80,LBA,0,0,0,0,1996
80,LBR,0,0,0,0,1996
80,LCA,0,0,0,0,1996
80,LES,0,0,0,0,1996
80,LIB,0,0,0,0,1996
80,LIE,0,0,0,0,1996
80,LUX,0,0,0,0,1996
80,MAD,0,0,0,0,1996
80,MAW,0,0,0,0,1996
80,MDV,0,0,0,0,1996
80,MKD,0,0,0,0,1996
80,MLI,0,0,0,0,1996
80,MLT,0,0,0,0,1996
80,MON,0,0,0,0,1996
80,MRI,0,0,0,0,1996
80,MTN,0,0,0,0,1996
80,MYA,0,0,0,0,1996
80,NCA,0,0,0,0,1996
80,NEP,0,0,0,0,1996
80,NIG,0,0,0,0,1996
80,NRU,0,0,0,0,1996
80,OMA,0,0,0,0,1996
80,PAK,0,0,0,0,1996
80,PAN,0,0,0,0,1996
80,PAR,0,0,0,0,1996
80,PER,0,0,0,0,1996
80,PLE,0,0,0,0,1996
80,PNG,0,0,0,0,1996
80,QAT,0,0,0,0,1996
80,RWA,0,0,0,0,1996
80,SAM,0,0,0,0,1996
80,SEN,0,0,0,0,1996
80,SEY,0,0,0,0,1996
80,SGP,0,0,0,0,1996
80,SKN,0,0,0,0,1996
80,SLE,0,0,0,0,1996
80,SMR,0,0,0,0,1996
80,SOL,0,0,0,0,1996
80,SOM,0,0,0,0,1996
80,SRI,0,0,0,0,1996
80,STP,0,0,0,0,1996
80,SUD,0,0,0,0,1996
80,SUR,0,0,0,0,1996
80,SWZ,0,0,0,0,1996
80,TAN,0,0,0,0,1996
80,TJK,0,0,0,0,1996
80,TKM,0,0,0,0,1996
80,TOG,0,0,0,0,1996
80,UAE,0,0,0,0,1996
80,URU,0,0,0,0,1996
80,VAN,0,0,0,0,1996
80,VEN,0,0,0,0,1996
80,VIE,0,0,0,0,1996
80,VIN,0,0,0,0,1996
80,YEM,0,0,0,0,1996
80,ZIM,0,0,0,0,1996
1,RUS,40,29,29,98,2000
1,USA,38,26,34,98,2000
3,GER,17,23,28,68,2000
4,AUS,19,26,19,64,2000
5,CHN,30,18,14,62,2000
6,FRA,13,14,13,40,2000
7,ITA,13,9,15,37,2000
8,ROU,12,6,12,30,2000
8,GBR,11,12,7,30,2000
10,CUB,11,11,7,29,2000
11,KOR,8,10,10,28,2000
12,NED,12,10,4,26,2000
13,UKR,3,10,12,25,2000
14,HUN,11,9,3,23,2000
15,BLR,3,8,11,22,2000
16,JPN,5,9,5,19,2000
17,POL,7,5,6,18,2000
17,GRE,4,6,8,18,2000
19,CAN,3,4,8,15,2000
20,BUL,5,6,2,13,2000
20,NOR,4,4,5,13,2000
20,BRA,0,6,7,13,2000
23,SWE,4,5,3,12,2000
24,ESP,3,3,5,11,2000
25,SUI,1,6,2,9,2000
25,JAM,0,6,3,9,2000
27,DEN,4,3,1,8,2000
27,ETH,4,1,3,8,2000
27,CZE,2,3,3,8,2000
30,KAZ,3,4,0,7,2000
30,KEN,2,3,2,7,2000
32,LTU,2,0,4,6,2000
32,INA,1,3,2,6,2000
32,MEX,1,2,3,6,2000
32,BEL,0,3,3,6,2000
32,GEO,0,0,6,6,2000
37,FIN,3,1,1,5,2000
37,TUR,3,0,2,5,2000
37,SVK,1,3,1,5,2000
37,ALG,1,1,3,5,2000
37,ARG,0,2,3,5,2000
37,RSA,0,2,3,5,2000
37,MAR,0,1,4,5,2000
37,TPE,0,1,4,5,2000
45,AUT,3,1,0,4,2000
45,IRI,3,0,1,4,2000
45,UZB,1,1,2,4,2000
45,NZL,1,0,3,4,2000
45,PRK,0,1,3,4,2000
50,SLO,3,0,0,3,2000
50,AZE,2,0,1,3,2000
50,BAH,2,0,1,3,2000
50,NGR,1,2,0,3,2000
50,LAT,1,1,1,3,2000
50,SCG,1,1,1,3,2000
50,EST,1,0,2,3,2000
50,THA,1,0,2,3,2000
58,CRO,1,0,1,2,2000
58,KSA,0,1,1,2,2000
58,MDA,0,1,1,2,2000
58,TTO,0,1,1,2,2000
58,CRC,0,0,2,2,2000
58,POR,0,0,2,2,2000
64,CMR,1,0,0,1,2000
64,COL,1,0,0,1,2000
64,MOZ,1,0,0,1,2000
64,IRL,0,1,0,1,2000
64,SRI,0,1,0,1,2000
64,URU,0,1,0,1,2000
64,VIE,0,1,0,1,2000
64,ARM,0,0,1,1,2000
64,BAR,0,0,1,1,2000
64,CHI,0,0,1,1,2000
64,IND,0,0,1,1,2000
64,ISL,0,0,1,1,2000
64,ISR,0,0,1,1,2000
64,KGZ,0,0,1,1,2000
64,KUW,0,0,1,1,2000
64,MKD,0,0,1,1,2000
64,QAT,0,0,1,1,2000
81,AHO,0,0,0,0,2000
81,ALB,0,0,0,0,2000
81,AND,0,0,0,0,2000
81,ANG,0,0,0,0,2000
81,ANT,0,0,0,0,2000
81,ARU,0,0,0,0,2000
81,ASA,0,0,0,0,2000
81,BAN,0,0,0,0,2000
81,BDI,0,0,0,0,2000
81,BEN,0,0,0,0,2000
81,BER,0,0,0,0,2000
81,BHU,0,0,0,0,2000
81,BIH,0,0,0,0,2000
81,BIZ,0,0,0,0,2000
81,BOL,0,0,0,0,2000
81,BOT,0,0,0,0,2000
81,BRN,0,0,0,0,2000
81,BRU,0,0,0,0,2000
81,BUR,0,0,0,0,2000
81,CAF,0,0,0,0,2000
81,CAM,0,0,0,0,2000
81,CAY,0,0,0,0,2000
81,CGO,0,0,0,0,2000
81,CHA,0,0,0,0,2000
81,CIV,0,0,0,0,2000
81,COD,0,0,0,0,2000
81,COK,0,0,0,0,2000
81,COM,0,0,0,0,2000
81,CPV,0,0,0,0,2000
81,CYP,0,0,0,0,2000
81,DJI,0,0,0,0,2000
81,DMA,0,0,0,0,2000
81,DOM,0,0,0,0,2000
81,ECU,0,0,0,0,2000
81,EGY,0,0,0,0,2000
81,ERI,0,0,0,0,2000
81,ESA,0,0,0,0,2000
81,FIJ,0,0,0,0,2000
81,FSM,0,0,0,0,2000
81,GAB,0,0,0,0,2000
81,GAM,0,0,0,0,2000
81,GBS,0,0,0,0,2000
81,GEQ,0,0,0,0,2000
81,GHA,0,0,0,0,2000
81,GRN,0,0,0,0,2000
81,GUA,0,0,0,0,2000
81,GUI,0,0,0,0,2000
81,GUM,0,0,0,0,2000
81,GUY,0,0,0,0,2000
81,HAI,0,0,0,0,2000
81,HKG,0,0,0,0,2000
81,HON,0,0,0,0,2000
81,IOA,0,0,0,0,2000
81,IRQ,0,0,0,0,2000
81,ISV,0,0,0,0,2000
81,IVB,0,0,0,0,2000
81,JOR,0,0,0,0,2000
81,LAO,0,0,0,0,2000
81,LBA,0,0,0,0,2000
81,LBR,0,0,0,0,2000
81,LCA,0,0,0,0,2000
81,LES,0,0,0,0,2000
81,LIB,0,0,0,0,2000
81,LIE,0,0,0,0,2000
81,LUX,0,0,0,0,2000
81,MAD,0,0,0,0,2000
81,MAS,0,0,0,0,2000
81,MAW,0,0,0,0,2000
81,MDV,0,0,0,0,2000
81,MGL,0,0,0,0,2000
81,MLI,0,0,0,0,2000
81,MLT,0,0,0,0,2000
81,MON,0,0,0,0,2000
81,MRI,0,0,0,0,2000
81,MTN,0,0,0,0,2000
81,MYA,0,0,0,0,2000
81,NAM,0,0,0,0,2000
81,NCA,0,0,0,0,2000
81,NEP,0,0,0,0,2000
81,NIG,0,0,0,0,2000
81,NRU,0,0,0,0,2000
81,OMA,0,0,0,0,2000
81,PAK,0,0,0,0,2000
81,PAN,0,0,0,0,2000
81,PAR,0,0,0,0,2000
81,PER,0,0,0,0,2000
81,PHI,0,0,0,0,2000
81,PLE,0,0,0,0,2000
81,PLW,0,0,0,0,2000
81,PNG,0,0,0,0,2000
81,PUR,0,0,0,0,2000
81,RWA,0,0,0,0,2000
81,SAM,0,0,0,0,2000
81,SEN,0,0,0,0,2000
81,SEY,0,0,0,0,2000
81,SGP,0,0,0,0,2000
81,SKN,0,0,0,0,2000
81,SLE,0,0,0,0,2000
81,SMR,0,0,0,0,2000
81,SOL,0,0,0,0,2000
81,SOM,0,0,0,0,2000
81,STP,0,0,0,0,2000
81,SUD,0,0,0,0,2000
81,SUR,0,0,0,0,2000
81,SWZ,0,0,0,0,2000
81,SYR,0,0,0,0,2000
81,TAN,0,0,0,0,2000
81,TGA,0,0,0,0,2000
81,TJK,0,0,0,0,2000
81,TKM,0,0,0,0,2000
81,TOG,0,0,0,0,2000
81,TUN,0,0,0,0,2000
81,UAE,0,0,0,0,2000
81,UGA,0,0,0,0,2000
81,VAN,0,0,0,0,2000
81,VEN,0,0,0,0,2000
81,VIN,0,0,0,0,2000
81,YEM,0,0,0,0,2000
81,ZAM,0,0,0,0,2000
81,ZIM,0,0,0,0,2000
1,USA,37,40,27,104,2004
2,RUS,34,28,36,98,2004
3,CHN,35,17,14,66,2004
4,GER,16,22,20,58,2004
5,AUS,18,16,20,54,2004
6,JPN,16,10,13,39,2004
7,ITA,10,16,12,38,2004
8,GBR,11,11,15,37,2004
9,FRA,12,10,14,36,2004
10,KOR,9,12,9,30,2004
11,UKR,8,8,12,28,2004
12,CUB,9,7,11,27,2004
13,HUN,11,9,3,23,2004
13,NED,4,9,10,23,2004
15,ESP,4,12,6,22,2004
16,ROU,9,5,6,20,2004
17,GRE,8,6,5,19,2004
18,BUL,2,1,14,17,2004
19,CAN,3,7,4,14,2004
20,BLR,2,5,6,13,2004
21,BRA,6,2,3,11,2004
21,POL,4,2,5,11,2004
21,TUR,3,3,5,11,2004
24,DEN,2,1,7,10,2004
25,SVK,2,2,5,9,2004
25,CZE,1,3,5,9,2004
27,SWE,4,2,2,8,2004
27,AUT,3,4,1,8,2004
27,THA,3,1,4,8,2004
27,KAZ,1,4,3,8,2004
31,ETH,2,3,2,7,2004
31,ARG,2,0,5,7,2004
31,KEN,1,4,2,7,2004
34,NOR,5,0,1,6,2004
34,NZL,4,2,0,6,2004
34,IRI,2,2,2,6,2004
34,RSA,1,3,2,6,2004
34,SUI,1,2,3,6,2004
39,TPE,2,2,1,5,2004
39,JAM,2,1,2,5,2004
39,UZB,2,1,2,5,2004
39,CRO,1,2,2,5,2004
39,EGY,1,1,3,5,2004
39,AZE,1,0,4,5,2004
39,PRK,0,4,1,5,2004
39,SLO,0,2,3,5,2004
47,GEO,2,2,0,4,2004
47,INA,1,1,2,4,2004
47,LAT,0,4,0,4,2004
47,MEX,0,3,1,4,2004
51,MAR,2,1,0,3,2004
51,CHI,2,0,1,3,2004
51,LTU,1,2,0,3,2004
51,ZIM,1,1,1,3,2004
51,BEL,1,0,2,3,2004
51,POR,0,2,1,3,2004
51,EST,0,1,2,3,2004
58,BAH,1,0,1,2,2004
58,ISR,1,0,1,2,2004
58,FIN,0,2,0,2,2004
58,SCG,0,2,0,2,2004
58,COL,0,0,2,2,2004
58,NGR,0,0,2,2,2004
58,VEN,0,0,2,2,2004
65,CMR,1,0,0,1,2004
65,DOM,1,0,0,1,2004
65,UAE,1,0,0,1,2004
65,HKG,0,1,0,1,2004
65,IND,0,1,0,1,2004
65,PAR,0,1,0,1,2004
65,ERI,0,0,1,1,2004
65,MGL,0,0,1,1,2004
65,SYR,0,0,1,1,2004
65,TTO,0,0,1,1,2004
75,AFG,0,0,0,0,2004
75,AHO,0,0,0,0,2004
75,ALB,0,0,0,0,2004
75,ALG,0,0,0,0,2004
75,AND,0,0,0,0,2004
75,ANG,0,0,0,0,2004
75,ANT,0,0,0,0,2004
75,ARM,0,0,0,0,2004
75,ARU,0,0,0,0,2004
75,ASA,0,0,0,0,2004
75,BAN,0,0,0,0,2004
75,BAR,0,0,0,0,2004
75,BDI,0,0,0,0,2004
75,BEN,0,0,0,0,2004
75,BER,0,0,0,0,2004
75,BHU,0,0,0,0,2004
75,BIH,0,0,0,0,2004
75,BIZ,0,0,0,0,2004
75,BOL,0,0,0,0,2004
75,BOT,0,0,0,0,2004
75,BRN,0,0,0,0,2004
75,BRU,0,0,0,0,2004
75,BUR,0,0,0,0,2004
75,CAF,0,0,0,0,2004
75,CAM,0,0,0,0,2004
75,CAY,0,0,0,0,2004
75,CGO,0,0,0,0,2004
75,CHA,0,0,0,0,2004
75,CIV,0,0,0,0,2004
75,COD,0,0,0,0,2004
75,COK,0,0,0,0,2004
75,COM,0,0,0,0,2004
75,CPV,0,0,0,0,2004
75,CRC,0,0,0,0,2004
75,CYP,0,0,0,0,2004
75,DMA,0,0,0,0,2004
75,ECU,0,0,0,0,2004
75,ESA,0,0,0,0,2004
75,FIJ,0,0,0,0,2004
75,FSM,0,0,0,0,2004
75,GAB,0,0,0,0,2004
75,GAM,0,0,0,0,2004
75,GBS,0,0,0,0,2004
75,GEQ,0,0,0,0,2004
75,GHA,0,0,0,0,2004
75,GRN,0,0,0,0,2004
75,GUA,0,0,0,0,2004
75,GUI,0,0,0,0,2004
75,GUM,0,0,0,0,2004
75,GUY,0,0,0,0,2004
75,HAI,0,0,0,0,2004
75,HON,0,0,0,0,2004
75,IRL,0,0,0,0,2004
75,IRQ,0,0,0,0,2004
75,ISL,0,0,0,0,2004
75,ISV,0,0,0,0,2004
75,IVB,0,0,0,0,2004
75,JOR,0,0,0,0,2004
75,KGZ,0,0,0,0,2004
75,KIR,0,0,0,0,2004
75,KSA,0,0,0,0,2004
75,KUW,0,0,0,0,2004
75,LAO,0,0,0,0,2004
75,LBA,0,0,0,0,2004
75,LBR,0,0,0,0,2004
75,LCA,0,0,0,0,2004
75,LES,0,0,0,0,2004
75,LIB,0,0,0,0,2004
75,LIE,0,0,0,0,2004
75,LUX,0,0,0,0,2004
75,MAD,0,0,0,0,2004
75,MAS,0,0,0,0,2004
75,MAW,0,0,0,0,2004
75,MDA,0,0,0,0,2004
75,MDV,0,0,0,0,2004
75,MKD,0,0,0,0,2004
75,MLI,0,0,0,0,2004
75,MLT,0,0,0,0,2004
75,MON,0,0,0,0,2004
75,MOZ,0,0,0,0,2004
75,MRI,0,0,0,0,2004
75,MTN,0,0,0,0,2004
75,MYA,0,0,0,0,2004
75,NAM,0,0,0,0,2004
75,NCA,0,0,0,0,2004
75,NEP,0,0,0,0,2004
75,NIG,0,0,0,0,2004
75,NRU,0,0,0,0,2004
75,OMA,0,0,0,0,2004
75,PAK,0,0,0,0,2004
75,PAN,0,0,0,0,2004
75,PER,0,0,0,0,2004
75,PHI,0,0,0,0,2004
75,PLE,0,0,0,0,2004
75,PLW,0,0,0,0,2004
75,PNG,0,0,0,0,2004
75,PUR,0,0,0,0,2004
75,QAT,0,0,0,0,2004
75,RWA,0,0,0,0,2004
75,SAM,0,0,0,0,2004
75,SEN,0,0,0,0,2004
75,SEY,0,0,0,0,2004
75,SGP,0,0,0,0,2004
75,SKN,0,0,0,0,2004
75,SLE,0,0,0,0,2004
75,SMR,0,0,0,0,2004
75,SOL,0,0,0,0,2004
75,SOM,0,0,0,0,2004
75,SRI,0,0,0,0,2004
75,STP,0,0,0,0,2004
75,SUD,0,0,0,0,2004
75,SUR,0,0,0,0,2004
75,SWZ,0,0,0,0,2004
75,TAN,0,0,0,0,2004
75,TGA,0,0,0,0,2004
75,TJK,0,0,0,0,2004
75,TKM,0,0,0,0,2004
75,TLS,0,0,0,0,2004
75,TOG,0,0,0,0,2004
75,TUN,0,0,0,0,2004
75,UGA,0,0,0,0,2004
75,URU,0,0,0,0,2004
75,VAN,0,0,0,0,2004
75,VIE,0,0,0,0,2004
75,VIN,0,0,0,0,2004
75,YEM,0,0,0,0,2004
75,ZAM,0,0,0,0,2004
1,USA,36,39,35,110,2008
2,CHN,55,26,28,109,2008
3,RUS,29,23,30,82,2008
4,GBR,23,14,18,55,2008
5,AUS,17,17,20,54,2008
6,GER,19,12,20,51,2008
7,FRA,7,16,19,42,2008
8,KOR,13,10,8,31,2008
9,UKR,7,5,16,28,2008
10,ITA,8,9,10,27,2008
11,JPN,9,7,10,26,2008
11,BLR,7,5,14,26,2008
13,CUB,2,11,11,24,2008
14,ESP,6,13,3,22,2008
15,NED,8,8,4,20,2008
15,CAN,3,9,8,20,2008
17,BRA,3,5,10,18,2008
18,KEN,6,4,5,15,2008
19,HUN,3,8,2,13,2008
19,KAZ,2,4,7,13,2008
21,JAM,5,3,2,10,2008
21,NZL,4,2,4,10,2008
21,POL,3,6,1,10,2008
24,NOR,3,5,1,9,2008
24,SVK,3,5,1,9,2008
24,DEN,3,2,4,9,2008
27,ROU,4,1,3,8,2008
27,ARG,3,0,5,8,2008
29,ETH,4,1,2,7,2008
29,SUI,2,1,4,7,2008
29,TUR,1,3,3,7,2008
29,AZE,1,2,4,7,2008
29,GRE,0,3,4,7,2008
34,CZE,3,3,0,6,2008
34,GEO,3,0,3,6,2008
34,PRK,2,1,3,6,2008
34,UZB,1,2,3,6,2008
34,SWE,0,4,2,6,2008
34,ARM,0,0,6,6,2008
40,FIN,1,2,2,5,2008
40,SLO,1,2,2,5,2008
40,BUL,1,1,3,5,2008
40,INA,1,1,3,5,2008
40,CRO,0,2,3,5,2008
40,LTU,0,2,3,5,2008
46,MGL,2,2,0,4,2008
46,THA,2,2,0,4,2008
46,MEX,2,0,2,4,2008
46,ZIM,1,3,0,4,2008
46,NGR,0,1,3,4,2008
46,TPE,0,0,4,4,2008
52,EST,1,2,0,3,2008
52,LAT,1,1,1,3,2008
52,IND,1,0,2,3,2008
52,AUT,0,1,2,3,2008
52,IRL,0,1,2,3,2008
52,SRB,0,1,2,3,2008
58,BEL,1,1,0,2,2008
58,DOM,1,1,0,2,2008
58,POR,1,1,0,2,2008
58,TTO,1,1,0,2,2008
58,IRI,1,0,1,2,2008
58,ALG,0,1,1,2,2008
58,BAH,0,1,1,2,2008
58,COL,0,1,1,2,2008
58,KGZ,0,1,1,2,2008
58,MAR,0,1,1,2,2008
58,TJK,0,1,1,2,2008
69,CMR,1,0,0,1,2008
69,PAN,1,0,0,1,2008
69,TUN,1,0,0,1,2008
69,CHI,0,1,0,1,2008
69,ECU,0,1,0,1,2008
69,ISL,0,1,0,1,2008
69,MAS,0,1,0,1,2008
69,RSA,0,1,0,1,2008
69,SGP,0,1,0,1,2008
69,SUD,0,1,0,1,2008
69,VIE,0,1,0,1,2008
69,AFG,0,0,1,1,2008
69,EGY,0,0,1,1,2008
69,ISR,0,0,1,1,2008
69,MDA,0,0,1,1,2008
69,MRI,0,0,1,1,2008
69,TOG,0,0,1,1,2008
69,VEN,0,0,1,1,2008
87,AHO,0,0,0,0,2008
87,ALB,0,0,0,0,2008
87,AND,0,0,0,0,2008
87,ANG,0,0,0,0,2008
87,ANT,0,0,0,0,2008
87,ARU,0,0,0,0,2008
87,ASA,0,0,0,0,2008
87,BAN,0,0,0,0,2008
87,BAR,0,0,0,0,2008
87,BDI,0,0,0,0,2008
87,BEN,0,0,0,0,2008
87,BER,0,0,0,0,2008
87,BHU,0,0,0,0,2008
87,BIH,0,0,0,0,2008
87,BIZ,0,0,0,0,2008
87,BOL,0,0,0,0,2008
87,BOT,0,0,0,0,2008
87,BRN,0,0,0,0,2008
87,BUR,0,0,0,0,2008
87,CAF,0,0,0,0,2008
87,CAM,0,0,0,0,2008
87,CAY,0,0,0,0,2008
87,CGO,0,0,0,0,2008
87,CHA,0,0,0,0,2008
87,CIV,0,0,0,0,2008
87,COD,0,0,0,0,2008
87,COK,0,0,0,0,2008
87,COM,0,0,0,0,2008
87,CPV,0,0,0,0,2008
87,CRC,0,0,0,0,2008
87,CYP,0,0,0,0,2008
87,DJI,0,0,0,0,2008
87,DMA,0,0,0,0,2008
87,ERI,0,0,0,0,2008
87,ESA,0,0,0,0,2008
87,FIJ,0,0,0,0,2008
87,FSM,0,0,0,0,2008
87,GAB,0,0,0,0,2008
87,GAM,0,0,0,0,2008
87,GBS,0,0,0,0,2008
87,GEQ,0,0,0,0,2008
87,GHA,0,0,0,0,2008
87,GRN,0,0,0,0,2008
87,GUA,0,0,0,0,2008
87,GUI,0,0,0,0,2008
87,GUM,0,0,0,0,2008
87,GUY,0,0,0,0,2008
87,HAI,0,0,0,0,2008
87,HKG,0,0,0,0,2008
87,HON,0,0,0,0,2008
87,IRQ,0,0,0,0,2008
87,ISV,0,0,0,0,2008
87,IVB,0,0,0,0,2008
87,JOR,0,0,0,0,2008
87,KIR,0,0,0,0,2008
87,KSA,0,0,0,0,2008
87,KUW,0,0,0,0,2008
87,LAO,0,0,0,0,2008
87,LBA,0,0,0,0,2008
87,LBR,0,0,0,0,2008
87,LCA,0,0,0,0,2008
87,LES,0,0,0,0,2008
87,LIB,0,0,0,0,2008
87,LIE,0,0,0,0,2008
87,LUX,0,0,0,0,2008
87,MAD,0,0,0,0,2008
87,MAW,0,0,0,0,2008
87,MDV,0,0,0,0,2008
87,MHL,0,0,0,0,2008
87,MKD,0,0,0,0,2008
87,MLI,0,0,0,0,2008
87,MLT,0,0,0,0,2008
87,MNE,0,0,0,0,2008
87,MON,0,0,0,0,2008
87,MOZ,0,0,0,0,2008
87,MTN,0,0,0,0,2008
87,MYA,0,0,0,0,2008
87,NAM,0,0,0,0,2008
87,NCA,0,0,0,0,2008
87,NEP,0,0,0,0,2008
87,NIG,0,0,0,0,2008
87,NRU,0,0,0,0,2008
87,OMA,0,0,0,0,2008
87,PAK,0,0,0,0,2008
87,PAR,0,0,0,0,2008
87,PER,0,0,0,0,2008
87,PHI,0,0,0,0,2008
87,PLE,0,0,0,0,2008
87,PLW,0,0,0,0,2008
87,PNG,0,0,0,0,2008
87,PUR,0,0,0,0,2008
87,QAT,0,0,0,0,2008
87,RWA,0,0,0,0,2008
87,SAM,0,0,0,0,2008
87,SEN,0,0,0,0,2008
87,SEY,0,0,0,0,2008
87,SKN,0,0,0,0,2008
87,SLE,0,0,0,0,2008
87,SMR,0,0,0,0,2008
87,SOL,0,0,0,0,2008
87,SOM,0,0,0,0,2008
87,SRI,0,0,0,0,2008
87,STP,0,0,0,0,2008
87,SUR,0,0,0,0,2008
87,SWZ,0,0,0,0,2008
87,SYR,0,0,0,0,2008
87,TAN,0,0,0,0,2008
87,TGA,0,0,0,0,2008
87,TKM,0,0,0,0,2008
87,TLS,0,0,0,0,2008
87,TUV,0,0,0,0,2008
87,UAE,0,0,0,0,2008
87,UGA,0,0,0,0,2008
87,URU,0,0,0,0,2008
87,VAN,0,0,0,0,2008
87,VIN,0,0,0,0,2008
87,YEM,0,0,0,0,2008
87,ZAM,0,0,0,0,2008
1,USA,46,29,31,106,2012
2,CHN,42,28,24,94,2012
3,RUS,30,27,32,89,2012
4,GBR,31,21,19,71,2012
5,GER,11,22,14,47,2012
6,AUS,12,19,12,43,2012
7,JPN,7,14,17,38,2012
8,FRA,11,11,13,35,2012
9,ITA,8,10,16,34,2012
10,KOR,13,8,7,28,2012
11,HUN,11,7,6,24,2012
12,NED,6,6,9,21,2012
13,UKR,6,5,9,20,2012
13,ESP,5,11,4,20,2012
13,BLR,2,10,8,20,2012
13,CAN,1,5,14,20,2012
17,BRA,3,5,10,18,2012
18,NZL,8,3,6,17,2012
19,CUB,5,3,6,14,2012
20,KAZ,7,1,5,13,2012
20,CZE,4,3,6,13,2012
22,IRI,4,5,3,12,2012
22,JAM,4,4,4,12,2012
24,DEN,3,4,4,11,2012
24,KEN,2,4,5,11,2012
24,POL,2,2,7,11,2012
27,AZE,2,2,6,10,2012
28,ROU,2,5,2,9,2012
28,SWE,2,4,3,9,2012
28,MEX,1,5,3,9,2012
31,COL,1,3,4,8,2012
32,ETH,3,1,3,7,2012
32,GEO,1,3,3,7,2012
34,PRK,4,0,2,6,2012
34,RSA,3,2,1,6,2012
34,CRO,3,1,2,6,2012
34,IND,0,2,4,6,2012
38,TUR,2,2,1,5,2012
38,LTU,2,1,2,5,2012
38,ARG,1,1,3,5,2012
38,IRL,1,1,3,5,2012
38,SLO,1,1,3,5,2012
38,MGL,0,2,3,5,2012
38,FIN,0,1,4,5,2012
45,SUI,2,2,0,4,2012
45,NOR,2,1,1,4,2012
45,SRB,1,1,2,4,2012
45,TTO,1,1,2,4,2012
45,SVK,0,1,3,4,2012
50,TUN,1,1,1,3,2012
50,UZB,1,0,2,3,2012
50,THA,0,2,1,3,2012
50,ARM,0,1,2,3,2012
50,BEL,0,1,2,3,2012
50,GRE,0,0,3,3,2012
56,DOM,1,1,0,2,2012
56,LAT,1,0,1,2,2012
56,EGY,0,2,0,2,2012
56,BUL,0,1,1,2,2012
56,EST,0,1,1,2,2012
56,INA,0,1,1,2,2012
56,MAS,0,1,1,2,2012
56,PUR,0,1,1,2,2012
56,TPE,0,1,1,2,2012
56,MDA,0,0,2,2,2012
56,QAT,0,0,2,2,2012
56,SGP,0,0,2,2,2012
68,ALG,1,0,0,1,2012
68,BAH,1,0,0,1,2012
68,GRN,1,0,0,1,2012
68,UGA,1,0,0,1,2012
68,VEN,1,0,0,1,2012
68,BOT,0,1,0,1,2012
68,CYP,0,1,0,1,2012
68,GAB,0,1,0,1,2012
68,GUA,0,1,0,1,2012
68,MNE,0,1,0,1,2012
68,POR,0,1,0,1,2012
68,AFG,0,0,1,1,2012
68,BRN,0,0,1,1,2012
68,HKG,0,0,1,1,2012
68,KSA,0,0,1,1,2012
68,KUW,0,0,1,1,2012
68,MAR,0,0,1,1,2012
68,TJK,0,0,1,1,2012
86,ALB,0,0,0,0,2012
86,AND,0,0,0,0,2012
86,ANG,0,0,0,0,2012
86,ANT,0,0,0,0,2012
86,ARU,0,0,0,0,2012
86,ASA,0,0,0,0,2012
86,AUT,0,0,0,0,2012
86,BAN,0,0,0,0,2012
86,BAR,0,0,0,0,2012
86,BDI,0,0,0,0,2012
86,BEN,0,0,0,0,2012
86,BER,0,0,0,0,2012
86,BHU,0,0,0,0,2012
86,BIH,0,0,0,0,2012
86,BIZ,0,0,0,0,2012
86,BOL,0,0,0,0,2012
86,BRU,0,0,0,0,2012
86,BUR,0,0,0,0,2012
86,CAF,0,0,0,0,2012
86,CAM,0,0,0,0,2012
86,CAY,0,0,0,0,2012
86,CGO,0,0,0,0,2012
86,CHA,0,0,0,0,2012
86,CHI,0,0,0,0,2012
86,CIV,0,0,0,0,2012
86,CMR,0,0,0,0,2012
86,COD,0,0,0,0,2012
86,COK,0,0,0,0,2012
86,COM,0,0,0,0,2012
86,CPV,0,0,0,0,2012
86,CRC,0,0,0,0,2012
86,DJI,0,0,0,0,2012
86,DMA,0,0,0,0,2012
86,ECU,0,0,0,0,2012
86,ERI,0,0,0,0,2012
86,ESA,0,0,0,0,2012
86,FIJ,0,0,0,0,2012
86,FSM,0,0,0,0,2012
86,GAM,0,0,0,0,2012
86,GBS,0,0,0,0,2012
86,GEQ,0,0,0,0,2012
86,GHA,0,0,0,0,2012
86,GUI,0,0,0,0,2012
86,GUM,0,0,0,0,2012
86,GUY,0,0,0,0,2012
86,HAI,0,0,0,0,2012
86,HON,0,0,0,0,2012
86,IOA,0,0,0,0,2012
86,IRQ,0,0,0,0,2012
86,ISL,0,0,0,0,2012
86,ISR,0,0,0,0,2012
86,ISV,0,0,0,0,2012
86,IVB,0,0,0,0,2012
86,JOR,0,0,0,0,2012
86,KGZ,0,0,0,0,2012
86,KIR,0,0,0,0,2012
86,LAO,0,0,0,0,2012
86,LBA,0,0,0,0,2012
86,LBR,0,0,0,0,2012
86,LCA,0,0,0,0,2012
86,LES,0,0,0,0,2012
86,LIB,0,0,0,0,2012
86,LIE,0,0,0,0,2012
86,LUX,0,0,0,0,2012
86,MAD,0,0,0,0,2012
86,MAW,0,0,0,0,2012
86,MDV,0,0,0,0,2012
86,MHL,0,0,0,0,2012
86,MKD,0,0,0,0,2012
86,MLI,0,0,0,0,2012
86,MLT,0,0,0,0,2012
86,MON,0,0,0,0,2012
86,MOZ,0,0,0,0,2012
86,MRI,0,0,0,0,2012
86,MTN,0,0,0,0,2012
86,MYA,0,0,0,0,2012
86,NAM,0,0,0,0,2012
86,NCA,0,0,0,0,2012
86,NEP,0,0,0,0,2012
86,NGR,0,0,0,0,2012
86,NIG,0,0,0,0,2012
86,NRU,0,0,0,0,2012
86,OMA,0,0,0,0,2012
86,PAK,0,0,0,0,2012
86,PAN,0,0,0,0,2012
86,PAR,0,0,0,0,2012
86,PER,0,0,0,0,2012
86,PHI,0,0,0,0,2012
86,PLE,0,0,0,0,2012
86,PLW,0,0,0,0,2012
86,PNG,0,0,0,0,2012
86,RWA,0,0,0,0,2012
86,SAM,0,0,0,0,2012
86,SEN,0,0,0,0,2012
86,SEY,0,0,0,0,2012
86,SKN,0,0,0,0,2012
86,SLE,0,0,0,0,2012
86,SMR,0,0,0,0,2012
86,SOL,0,0,0,0,2012
86,SOM,0,0,0,0,2012
86,SRI,0,0,0,0,2012
86,STP,0,0,0,0,2012
86,SUD,0,0,0,0,2012
86,SUR,0,0,0,0,2012
86,SWZ,0,0,0,0,2012
86,SYR,0,0,0,0,2012
86,TAN,0,0,0,0,2012
86,TGA,0,0,0,0,2012
86,TKM,0,0,0,0,2012
86,TLS,0,0,0,0,2012
86,TOG,0,0,0,0,2012
86,TUV,0,0,0,0,2012
86,UAE,0,0,0,0,2012
86,URU,0,0,0,0,2012
86,VAN,0,0,0,0,2012
86,VIE,0,0,0,0,2012
86,VIN,0,0,0,0,2012
86,YEM,0,0,0,0,2012
86,ZAM,0,0,0,0,2012
86,ZIM,0,0,0,0,2012
1,USA,46,39,38,123,2016
2,CHN,29,19,28,76,2016
3,GBR,29,24,18,71,2016
4,RUS,24,17,20,61,2016
5,GER,20,13,16,49,2016
6,FRA,11,18,15,44,2016
7,JPN,12,8,22,42,2016
8,AUS,8,14,11,33,2016
9,ITA,8,13,8,29,2016
10,CAN,4,4,16,24,2016
11,KOR,9,3,9,21,2016
11,ESP,7,8,6,21,2016
11,NZL,5,11,5,21,2016
14,NED,9,7,4,20,2016
14,BRA,8,6,6,20,2016
16,HUN,11,3,4,18,2016
16,KAZ,3,5,10,18,2016
16,AZE,1,7,10,18,2016
19,DEN,2,6,8,16,2016
20,KEN,6,6,1,13,2016
20,UZB,4,2,7,13,2016
20,CZE,1,2,10,13,2016
23,CRO,7,3,2,12,2016
23,POL,3,3,6,12,2016
23,BLR,1,4,7,12,2016
26,JAM,6,3,2,11,2016
26,CUB,5,2,4,11,2016
26,SWE,2,6,3,11,2016
26,UKR,2,5,4,11,2016
30,RSA,2,6,2,10,2016
31,COL,3,2,3,8,2016
31,IRI,3,1,4,8,2016
31,SRB,2,4,2,8,2016
31,TUR,1,3,4,8,2016
31,ETH,1,2,5,8,2016
36,SUI,3,2,2,7,2016
36,GRE,3,1,3,7,2016
36,SVK,2,5,0,7,2016
36,PRK,2,3,2,7,2016
36,GEO,2,1,4,7,2016
36,BUL,0,1,6,7,2016
42,BEL,2,2,2,6,2016
42,THA,2,2,2,6,2016
42,MAS,0,5,1,6,2016
42,LTU,0,2,4,6,2016
42,NOR,0,0,6,6,2016
47,ARG,4,1,0,5,2016
47,MEX,0,3,2,5,2016
49,ARM,1,3,0,4,2016
49,SLO,1,2,1,4,2016
49,ROU,1,1,2,4,2016
52,INA,1,2,0,3,2016
52,TPE,1,0,2,3,2016
52,IRL,0,3,0,3,2016
52,VEN,0,1,2,3,2016
52,EGY,0,0,3,3,2016
52,TUN,0,0,3,3,2016
58,BRN,1,1,0,2,2016
58,VIE,1,1,0,2,2016
58,BAH,1,0,1,2,2016
58,CIV,1,0,1,2,2016
58,IOA,1,0,1,2,2016
58,ALG,0,2,0,2,2016
58,IND,0,1,1,2,2016
58,MGL,0,1,1,2,2016
58,AUT,0,0,2,2,2016
58,ISR,0,0,2,2,2016
68,FIJ,1,0,0,1,2016
68,JOR,1,0,0,1,2016
68,KOS,1,0,0,1,2016
68,PUR,1,0,0,1,2016
68,SGP,1,0,0,1,2016
68,TJK,1,0,0,1,2016
68,BDI,0,1,0,1,2016
68,GRN,0,1,0,1,2016
68,NIG,0,1,0,1,2016
68,PHI,0,1,0,1,2016
68,QAT,0,1,0,1,2016
68,DOM,0,0,1,1,2016
68,EST,0,0,1,1,2016
68,FIN,0,0,1,1,2016
68,MAR,0,0,1,1,2016
68,NGR,0,0,1,1,2016
68,POR,0,0,1,1,2016
68,TTO,0,0,1,1,2016
68,UAE,0,0,1,1,2016
87,AFG,0,0,0,0,2016
87,ALB,0,0,0,0,2016
87,AND,0,0,0,0,2016
87,ANG,0,0,0,0,2016
87,ANT,0,0,0,0,2016
87,ARU,0,0,0,0,2016
87,ASA,0,0,0,0,2016
87,BAN,0,0,0,0,2016
87,BAR,0,0,0,0,2016
87,BEN,0,0,0,0,2016
87,BER,0,0,0,0,2016
87,BHU,0,0,0,0,2016
87,BIH,0,0,0,0,2016
87,BIZ,0,0,0,0,2016
87,BOL,0,0,0,0,2016
87,BOT,0,0,0,0,2016
87,BRU,0,0,0,0,2016
87,BUR,0,0,0,0,2016
87,CAF,0,0,0,0,2016
87,CAM,0,0,0,0,2016
87,CAY,0,0,0,0,2016
87,CGO,0,0,0,0,2016
87,CHA,0,0,0,0,2016
87,CHI,0,0,0,0,2016
87,CMR,0,0,0,0,2016
87,COD,0,0,0,0,2016
87,COK,0,0,0,0,2016
87,COM,0,0,0,0,2016
87,CPV,0,0,0,0,2016
87,CRC,0,0,0,0,2016
87,CYP,0,0,0,0,2016
87,DJI,0,0,0,0,2016
87,DMA,0,0,0,0,2016
87,ECU,0,0,0,0,2016
87,ERI,0,0,0,0,2016
87,ESA,0,0,0,0,2016
87,FSM,0,0,0,0,2016
87,GAB,0,0,0,0,2016
87,GAM,0,0,0,0,2016
87,GBS,0,0,0,0,2016
87,GEQ,0,0,0,0,2016
87,GHA,0,0,0,0,2016
87,GUA,0,0,0,0,2016
87,GUI,0,0,0,0,2016
87,GUM,0,0,0,0,2016
87,GUY,0,0,0,0,2016
87,HAI,0,0,0,0,2016
87,HKG,0,0,0,0,2016
87,HON,0,0,0,0,2016
87,IRQ,0,0,0,0,2016
87,ISL,0,0,0,0,2016
87,ISV,0,0,0,0,2016
87,IVB,0,0,0,0,2016
87,KGZ,0,0,0,0,2016
87,KIR,0,0,0,0,2016
87,KSA,0,0,0,0,2016
87,LAO,0,0,0,0,2016
87,LAT,0,0,0,0,2016
87,LBA,0,0,0,0,2016
87,LBR,0,0,0,0,2016
87,LCA,0,0,0,0,2016
87,LES,0,0,0,0,2016
87,LIB,0,0,0,0,2016
87,LIE,0,0,0,0,2016
87,LUX,0,0,0,0,2016
87,MAD,0,0,0,0,2016
87,MAW,0,0,0,0,2016
87,MDA,0,0,0,0,2016
87,MDV,0,0,0,0,2016
87,MHL,0,0,0,0,2016
87,MKD,0,0,0,0,2016
87,MLI,0,0,0,0,2016
87,MLT,0,0,0,0,2016
87,MNE,0,0,0,0,2016
87,MON,0,0,0,0,2016
87,MOZ,0,0,0,0,2016
87,MRI,0,0,0,0,2016
87,MTN,0,0,0,0,2016
87,MYA,0,0,0,0,2016
87,NAM,0,0,0,0,2016
87,NCA,0,0,0,0,2016
87,NEP,0,0,0,0,2016
87,NRU,0,0,0,0,2016
87,OMA,0,0,0,0,2016
87,PAK,0,0,0,0,2016
87,PAN,0,0,0,0,2016
87,PAR,0,0,0,0,2016
87,PER,0,0,0,0,2016
87,PLE,0,0,0,0,2016
87,PLW,0,0,0,0,2016
87,PNG,0,0,0,0,2016
87,ROT,0,0,0,0,2016
87,RWA,0,0,0,0,2016
87,SAM,0,0,0,0,2016
87,SEN,0,0,0,0,2016
87,SEY,0,0,0,0,2016
87,SKN,0,0,0,0,2016
87,SLE,0,0,0,0,2016
87,SMR,0,0,0,0,2016
87,SOL,0,0,0,0,2016
87,SOM,0,0,0,0,2016
87,SRI,0,0,0,0,2016
87,SSD,0,0,0,0,2016
87,STP,0,0,0,0,2016
87,SUD,0,0,0,0,2016
87,SUR,0,0,0,0,2016
87,SWZ,0,0,0,0,2016
87,SYR,0,0,0,0,2016
87,TAN,0,0,0,0,2016
87,TGA,0,0,0,0,2016
87,TKM,0,0,0,0,2016
87,TLS,0,0,0,0,2016
87,TOG,0,0,0,0,2016
87,TUV,0,0,0,0,2016
87,UGA,0,0,0,0,2016
87,URU,0,0,0,0,2016
87,VAN,0,0,0,0,2016
87,VIN,0,0,0,0,2016
87,YEM,0,0,0,0,2016
87,ZAM,0,0,0,0,2016
87,ZIM,0,0,0,0,2016
1,USA,41,43,40,124,2024
2,CHN,50,27,24,101,2024
3,GBR,14,29,35,78,2024
4,FRA,15,23,23,61,2024
5,AUS,18,21,18,57,2024
6,JPN,20,13,13,46,2024
7,ITA,14,13,17,44,2024
8,NED,19,8,14,41,2024
9,GER,15,13,9,37,2024
10,NZL,15,11,7,33,2024
11,KOR,13,9,10,32,2024
12,CAN,9,6,13,28,2024
13,HUN,6,9,9,24,2024
14,ESP,6,4,13,23,2024
15,BRA,3,7,10,20,2024
16,UZB,8,2,3,13,2024
16,ROU,4,7,2,13,2024
16,SWE,4,5,4,13,2024
16,UKR,3,6,4,13,2024
20,IRI,3,6,3,12,2024
21,KEN,4,2,5,11,2024
21,ISR,1,9,1,11,2024
23,POL,1,4,5,10,2024
23,GRE,1,1,8,10,2024
25,BEL,3,1,5,9,2024
25,DEN,2,2,5,9,2024
25,CUB,2,1,6,9,2024
25,SUI,1,2,6,9,2024
29,NOR,4,1,3,8,2024
29,CRO,3,2,3,8,2024
29,TUR,0,3,5,8,2024
32,IRL,4,0,3,7,2024
32,GEO,3,3,1,7,2024
32,BUL,3,1,3,7,2024
32,AZE,2,2,3,7,2024
32,TPE,2,0,5,7,2024
32,KAZ,1,3,3,7,2024
32,PRK,0,3,4,7,2024
39,AUT,3,0,3,6,2024
39,JAM,1,3,2,6,2024
39,RSA,1,3,2,6,2024
39,THA,1,3,2,6,2024
39,MEX,0,4,2,6,2024
39,KGZ,0,2,4,6,2024
39,IND,0,1,5,6,2024
46,SRB,3,1,1,5,2024
46,CZE,3,0,2,5,2024
46,POR,2,2,1,5,2024
46,AIN,1,3,1,5,2024
46,ECU,1,2,2,5,2024
51,BRN,2,1,1,4,2024
51,HKG,2,0,2,4,2024
51,PHI,2,0,2,4,2024
51,ETH,1,3,0,4,2024
51,ARG,1,2,1,4,2024
51,ARM,0,3,1,4,2024
51,COL,0,3,1,4,2024
51,LTU,0,2,2,4,2024
51,MDA,0,1,3,4,2024
60,SLO,2,1,0,3,2024
60,ALG,2,0,1,3,2024
60,INA,2,0,1,3,2024
60,EGY,1,1,1,3,2024
60,TUN,1,1,1,3,2024
60,DOM,1,0,2,3,2024
60,TJK,0,0,3,3,2024
67,BOT,1,1,0,2,2024
67,CHI,1,1,0,2,2024
67,LCA,1,1,0,2,2024
67,UGA,1,1,0,2,2024
67,GUA,1,0,1,2,2024
67,MAR,1,0,1,2,2024
67,KOS,0,1,1,2,2024
67,ALB,0,0,2,2,2024
67,GRN,0,0,2,2,2024
67,MAS,0,0,2,2,2024
67,PUR,0,0,2,2,2024
78,DMA,1,0,0,1,2024
78,PAK,1,0,0,1,2024
78,CYP,0,1,0,1,2024
78,FIJ,0,1,0,1,2024
78,JOR,0,1,0,1,2024
78,MGL,0,1,0,1,2024
78,PAN,0,1,0,1,2024
78,CIV,0,0,1,1,2024
78,CPV,0,0,1,1,2024
78,EOR,0,0,1,1,2024
78,PER,0,0,1,1,2024
78,QAT,0,0,1,1,2024
78,SGP,0,0,1,1,2024
78,SVK,0,0,1,1,2024
78,ZAM,0,0,1,1,2024
93,AFG,0,0,0,0,2024
93,AND,0,0,0,0,2024
93,ANG,0,0,0,0,2024
93,ANT,0,0,0,0,2024
93,ARU,0,0,0,0,2024
93,ASA,0,0,0,0,2024
93,BAH,0,0,0,0,2024
93,BAN,0,0,0,0,2024
93,BAR,0,0,0,0,2024
93,BDI,0,0,0,0,2024
93,BEN,0,0,0,0,2024
93,BER,0,0,0,0,2024
93,BHU,0,0,0,0,2024
93,BIH,0,0,0,0,2024
93,BIZ,0,0,0,0,2024
93,BOL,0,0,0,0,2024
93,BRU,0,0,0,0,2024
93,BUR,0,0,0,0,2024
93,CAF,0,0,0,0,2024
93,CAM,0,0,0,0,2024
93,CAY,0,0,0,0,2024
93,CGO,0,0,0,0,2024
93,CHA,0,0,0,0,2024
93,CMR,0,0,0,0,2024
93,COD,0,0,0,0,2024
93,COK,0,0,0,0,2024
93,COM,0,0,0,0,2024
93,CRC,0,0,0,0,2024
93,DJI,0,0,0,0,2024
93,ERI,0,0,0,0,2024
93,ESA,0,0,0,0,2024
93,EST,0,0,0,0,2024
93,FIN,0,0,0,0,2024
93,FSM,0,0,0,0,2024
93,GAB,0,0,0,0,2024
93,GAM,0,0,0,0,2024
93,GBS,0,0,0,0,2024
93,GEQ,0,0,0,0,2024
93,GHA,0,0,0,0,2024
93,GUI,0,0,0,0,2024
93,GUM,0,0,0,0,2024
93,GUY,0,0,0,0,2024
93,HAI,0,0,0,0,2024
93,HON,0,0,0,0,2024
93,IRQ,0,0,0,0,2024
93,ISL,0,0,0,0,2024
93,ISV,0,0,0,0,2024
93,IVB,0,0,0,0,2024
93,KIR,0,0,0,0,2024
93,KSA,0,0,0,0,2024
93,KUW,0,0,0,0,2024
93,LAO,0,0,0,0,2024
93,LAT,0,0,0,0,2024
93,LBA,0,0,0,0,2024
93,LBN,0,0,0,0,2024
93,LBR,0,0,0,0,2024
93,LES,0,0,0,0,2024
93,LIE,0,0,0,0,2024
93,LUX,0,0,0,0,2024
93,MAD,0,0,0,0,2024
93,MAW,0,0,0,0,2024
93,MDV,0,0,0,0,2024
93,MHL,0,0,0,0,2024
93,MKD,0,0,0,0,2024
93,MLI,0,0,0,0,2024
93,MLT,0,0,0,0,2024
93,MNE,0,0,0,0,2024
93,MON,0,0,0,0,2024
93,MOZ,0,0,0,0,2024
93,MRI,0,0,0,0,2024
93,MTN,0,0,0,0,2024
93,MYA,0,0,0,0,2024
93,NAM,0,0,0,0,2024
93,NCA,0,0,0,0,2024
93,NEP,0,0,0,0,2024
93,NGR,0,0,0,0,2024
93,NIG,0,0,0,0,2024
93,NRU,0,0,0,0,2024
93,OMA,0,0,0,0,2024
93,PAR,0,0,0,0,2024
93,PLE,0,0,0,0,2024
93,PLW,0,0,0,0,2024
93,PNG,0,0,0,0,2024
93,RWA,0,0,0,0,2024
93,SAM,0,0,0,0,2024
93,SEN,0,0,0,0,2024
93,SEY,0,0,0,0,2024
93,SKN,0,0,0,0,2024
93,SLE,0,0,0,0,2024
93,SMR,0,0,0,0,2024
93,SOL,0,0,0,0,2024
93,SOM,0,0,0,0,2024
93,SRI,0,0,0,0,2024
93,SSD,0,0,0,0,2024
93,STP,0,0,0,0,2024
93,SUD,0,0,0,0,2024
93,SUR,0,0,0,0,2024
93,SWZ,0,0,0,0,2024
93,SYR,0,0,0,0,2024
93,TAN,0,0,0,0,2024
93,TGA,0,0,0,0,2024
93,TKM,0,0,0,0,2024
93,TLS,0,0,0,0,2024
93,TOG,0,0,0,0,2024
93,TTO,0,0,0,0,2024
93,TUV,0,0,0,0,2024
93,UAE,0,0,0,0,2024
93,URU,0,0,0,0,2024
93,VAN,0,0,0,0,2024
93,VEN,0,0,0,0,2024
93,VIE,0,0,0,0,2024
93,VIN,0,0,0,0,2024
93,YEM,0,0,0,0,2024
93,ZIM,0,0,0,0,2024
